1,-0.22753239,-0.46158102,-0.094207674,-0.8384885,-0.8384885,-0.43174827,-0.8384885,-0.23629768,-0.8384885,-0.8384885,-0.8384885,0.5365857,-0.22584084,-0.7148518,0.13645782,-0.8384885,-0.58060443,0.41894633,-0.573992,-0.30242178,-0.6762538,-0.8384885,1.0189843,0.09586069
0,-0.8384885,-0.8384885,-0.8384885,-0.8384885,-0.8384885,-0.8384885,-0.8384885,-0.35040024,-0.37561965,-0.5842951,0.03481125,-0.8384885,0.19504689,0.41310272,-0.8384885,-0.20738758,1.2358098,0.08294342,-0.38130942,-0.8384885,-0.48972222,0.5744149,-0.656109,-0.43174827
0,-0.8384885,-0.8384885,-0.8384885,-0.8384885,-0.47265297,-0.45835173,-0.8384885,-0.47941917,-0.3908436,2.507546,-0.3434803,-0.27351174,1.9970063,0.6197791,-0.43190205,0.7148133,0.24671598,2.0983453,1.6374754,-0.77482486,0.29807758,-0.8384885,0.11969612,-0.8384885
1,-0.2549047,-0.37454322,-0.8384885,-0.8384885,-0.043615013,0.5953286,-0.8384885,-0.8384885,-0.8384885,-0.36762324,0.12430948,0.67636895,1.8859792,1.4380265,0.6872872,0.20458111,1.6771499,-0.17324907,0.07417813,1.5233729,-0.8384885,0.0055935914,0.19274022,-0.46065837
1,-0.8384885,-0.40714398,-0.22245772,-0.8384885,-0.8384885,-0.48803067,-0.5433904,-0.8384885,-0.5518482,-0.7548339,-0.2555198,-0.7183887,-0.45327708,-0.8137304,0.49245173,-0.8384885,-0.8384885,-0.8384885,-0.2708975,-0.1220414,0.10262692,0.07340926,0.11292995,-0.8384885
1,-0.14126347,-0.8384885,-0.8384885,-0.8384885,-0.8384885,-0.8384885,-0.8384885,-0.8384885,-0.49910262,-0.8384885,-0.8384885,-0.8384885,-0.42990297,-0.8384885,-0.72915304,-0.8384885,-0.44389668,0.4919903,0.13476633,-0.8384885,0.15752526,-0.094515234,0.87489516,-0.61274385
0,-0.59413683,-0.8384885,-0.8384885,-0.8384885,-0.8384885,-0.19662318,-0.8384885,-0.8384885,-0.8384885,-0.4254434,-0.8384885,-0.024392942,-0.8384885,-0.8384885,-0.68117464,0.14845246,1.260414,-0.8384885,-0.2802779,-0.31749195,-0.47111523,-0.46281123,-0.8384885,-0.16602159
1,-0.11342981,-0.45604503,-0.8384885,-0.8384885,-0.8384885,-0.8384885,-0.8384885,-0.8384885,-0.16017804,-0.8384885,-0.42344433,-0.8384885,-0.6268913,-0.30180666,-0.38500008,1.1547693,0.57287705,-0.055609662,-0.15817893,0.72219455,-0.8384885,-0.33748293,-0.54093,-0.5520019
0,-0.42651984,-0.8384885,-0.8384885,-0.8384885,-0.8384885,-0.8384885,-0.80081314,1.5738118,2.1238723,4.6916413,1.344684,0.9925346,2.2250576,1.6800717,0.57180065,0.44724125,2.9574978,2.029607,4.1747966,0.6463826,1.7017543,1.1955204,1.3408396,-0.77144176
1,-0.8384885,-0.25229052,-0.8384885,-0.8384885,-0.8384885,-0.8384885,-0.8384885,-0.8384885,-0.8384885,-0.43759182,-0.2918112,-0.8384885,-0.24859983,-0.8384885,-0.8384885,-0.30657378,0.8027738,0.56718737,-0.8384885,-0.47265297,-0.17693974,0.107240215,-0.27720237,0.19935274
0,-0.8384885,-0.8384885,-0.8384885,-0.8384885,-0.8384885,-0.8384885,-0.8384885,-0.8384885,0.17490214,-0.8384885,-0.2642851,0.33083203,0.52905065,0.4818411,-0.011475668,-0.8384885,0.42632756,-0.02116358,0.6579157,1.3760546,0.4243284,-0.8384885,1.1018701,0.08755677
0,-0.8384885,-0.8384885,-0.8384885,-0.8384885,-0.8384885,-0.8206504,-0.37223655,-0.3164155,-0.28258455,3.0348475,0.41141117,1.2539557,1.0498935,0.19904512,0.67606145,1.2942451,1.5592029,1.4683206,-0.038079087,1.7094432,0.7100462,0.7238862,0.22980054,-0.12588577
0,-0.8137304,-0.8384885,-0.8384885,-0.8384885,-0.8384885,-0.8384885,-0.8384885,1.9739398,-0.30964932,2.8761497,0.69020903,0.008822896,0.44170526,0.5496568,-0.21338488,-0.35055402,1.6774576,0.9251803,-0.25613493,0.39265037,0.17951538,0.33252358,-0.49310535,-0.32272035
1,-0.23722036,-0.08129046,-0.3725441,-0.8384885,-0.31333995,-0.8384885,-0.66302896,-0.48111072,-0.8384885,-0.30964932,-0.8384885,0.51228887,1.4294151,-0.8384885,1.1925986,1.213051,0.879201,2.2408967,0.85936373,0.48722336,2.4146647,2.371761,2.467718,-0.39930135
0,0.45662165,-0.3973022,-0.7096234,-0.56522673,-0.8384885,-0.6425766,-0.12496308,1.3540645,-0.31149465,4.875251,0.9830004,1.2876327,0.24948397,1.4269549,0.07187145,1.7326634,4.949372,0.46600208,1.7637265,1.6317858,1.4996914,0.14137873,0.94470996,1.4999987
0,-0.8384885,-0.31626174,-0.8384885,-0.8384885,-0.8384885,-0.8384885,-0.7171585,-0.8384885,-0.5323185,1.4317219,2.2339768,0.22334193,-0.0014801382,-0.8384885,-0.18585883,-0.8384885,0.48737708,-0.32733366,1.2541094,0.8851982,0.26163238,-0.8384885,-0.8384885,-0.8384885
1,0.31330147,-0.09236237,-0.5589219,-0.8384885,-0.8384885,-0.8384885,-0.8384885,-0.8384885,-0.8384885,-0.40591377,-0.11973472,-0.031774234,0.18382123,0.42909557,-0.18632014,1.9908553,1.6502389,-0.29565558,-0.8384885,-0.8384885,-0.19908361,0.016973117,-0.094976604,-0.25782648
1,0.20012157,-0.3956107,-0.8384885,-0.8384885,-0.8384885,-0.8384885,-0.7931243,-0.8384885,-0.8384885,-0.8384885,-0.80265844,-0.8384885,-0.47588232,-0.8384885,0.18151455,-0.27581838,-0.8384885,0.028967708,-0.5169408,-0.52093893,-0.71608204,-0.8384885,-0.3494776,-0.26874465
0,-0.6654894,-0.8384885,-0.8384885,-0.8384885,-0.8384885,-0.8384885,-0.38100186,-0.5869093,-0.8384885,-0.34240386,-0.7709804,-0.44543445,-0.22584084,-0.515403,-0.8384885,0.45369986,-0.009322741,1.5338296,0.45969716,0.61901015,-0.8384885,-0.5260136,1.4835447,-0.5544623
0,-0.8384885,-0.8384885,-0.8384885,-0.8384885,-0.8384885,-0.8384885,-0.07913759,1.2282747,3.1258833,0.90272874,1.7795655,-0.34317273,1.4753945,0.003286971,0.15814038,1.0500472,0.027429903,2.6236477,3.2748933,0.09555319,0.31284004,0.7234248,0.50798315,-0.5146341
0,-0.8384885,-0.8384885,-0.8384885,-0.8384885,-0.8384885,-0.8384885,-0.8384885,0.06372129,0.7481829,0.97961724,0.24071869,2.8264797,0.41310272,-0.06791182,0.49352804,0.22211169,2.4140499,0.027583713,0.88658226,0.8069257,0.6766766,0.7449536,0.0684884,0.62700665
1,-0.8384885,-0.8384885,-0.8384885,-0.8384885,-0.8384885,-0.2750495,-0.8384885,-0.21661423,-0.8384885,-0.6962448,-0.7336126,-0.598135,0.1035496,-0.17125,-0.8384885,0.15106677,0.6442296,0.6308511,1.2990122,0.3245271,-0.8384885,0.6934383,0.55980605,-0.42990297
1,-0.50879055,-0.40053156,-0.8384885,-0.8384885,-0.8384885,-0.8384885,-0.8384885,-0.8384885,-0.8384885,-0.25997937,0.6162422,-0.8384885,0.16229242,-0.55538505,-0.5876782,-0.109585375,-0.12450177,-0.5573841,-0.46896234,0.5964049,0.32867917,-0.8384885,-0.8384885,-0.8384885
0,-0.3281026,-0.8384885,-0.8384885,-0.8384885,-0.08498108,-0.8384885,-0.8384885,-0.45143175,0.21150103,0.8935023,1.1730688,-0.17924635,-0.8384885,-0.69655234,-0.1069712,0.21196234,1.1842947,1.6450106,1.3059322,1.945337,-0.086518824,1.2507262,3.8443296,0.09586075
0,-0.69747496,-0.8384885,-0.8384885,-0.8384885,-0.8384885,-0.8384885,-0.8384885,-0.087595314,1.270256,0.7481829,-0.8384885,-0.38638407,-0.26505396,-0.23706655,0.6680651,0.28608286,-0.24967627,1.0987946,0.89673144,0.45016304,0.106163785,0.29208016,-0.4497402,-0.17125
0,-0.8384885,-0.8384885,-0.8384885,-0.8384885,-0.8384885,-0.8384885,-0.8384885,-0.3614722,-0.8384885,0.8918107,1.042051,-0.048689682,-0.8384885,-0.21415381,-0.18847302,1.5284475,1.6425501,1.8601447,0.08125192,-0.07867622,0.9371749,0.6717557,0.95378274,-0.6216629
0,-0.8384885,-0.8384885,-0.8384885,-0.8384885,-0.8384885,-0.8384885,-0.52647495,-0.8384885,-0.32195148,-0.8384885,-0.8384885,-0.8384885,-0.5961359,0.014512688,-0.8384885,-0.3010378,0.6436146,-0.30226803,0.6599149,0.35774302,-0.26859084,-0.8384885,-0.4646566,-0.8384885
0,-0.2516754,-0.8384885,-0.8384885,-0.8384885,-0.8384885,-0.8384885,-0.642269,-0.5518482,-0.14849101,1.3539108,-0.4194461,0.051880512,1.4208037,-0.8384885,-0.5169408,0.11938862,0.2962322,-0.09882103,-0.13326706,0.32529604,-0.54185265,-0.56860983,-0.8384885,0.21488415
0,-0.8384885,-0.8384885,-0.8384885,0.00543984,-0.52647495,-0.8384885,0.028352587,-0.68194354,-0.11958091,0.6897476,-0.13618879,-0.8384885,-0.52278423,0.054340884,0.34251913,-0.15156657,1.3983523,0.6909778,-0.036848843,-0.8384885,-0.3766961,0.91733766,-0.15664117,0.18566659
0,-0.8384885,-0.8384885,-0.8384885,-0.8384885,-0.8384885,-0.8384885,-0.8384885,-0.18862683,0.534279,0.6051702,1.4312603,-0.13818792,0.047420964,0.12369435,0.78601205,1.1643037,0.56995535,-0.029159993,1.4072714,-0.31764576,0.2167295,0.4270965,2.4904768,-0.8384885
0,0.3723519,-0.8384885,-0.8384885,-0.8384885,-0.8384885,-0.8384885,-0.8384885,0.19166389,0.42832664,2.9907134,1.153078,-0.08528858,1.2135122,3.0963583,2.3576133,0.66452813,1.2331957,1.1899843,0.770173,0.6743699,2.5486045,2.5795138,0.54504347,0.90888
0,-0.8384885,-0.8384885,-0.8384885,-0.8384885,-0.8384885,-0.8384885,-0.8384885,1.7997103,0.68421173,1.0397441,0.6485353,1.4183431,-0.8384885,1.0225211,1.5018442,1.4757022,0.69620633,0.6986667,1.7429664,1.7992489,-0.8384885,2.5487583,0.06202973,-0.24967627
0,-0.8384885,-0.8384885,-0.8384885,-0.8384885,-0.8384885,-0.8384885,-0.8384885,-0.8384885,-0.11742804,1.6193298,-0.06437495,1.2072073,0.6013259,0.37327453,0.8672064,1.1061758,0.5621127,1.0947963,-0.077446036,0.11185352,0.18766554,1.2610292,-0.06806563,-0.37054503
0,-0.8384885,-0.8384885,-0.8384885,-0.8384885,-0.8384885,-0.8384885,-0.8384885,-0.20692627,0.26086345,0.8429095,0.33175465,0.06233735,0.860594,0.53335637,1.6111797,-0.04561419,0.31945258,0.0973985,-0.20292804,0.63638705,-0.58198845,1.2833269,-0.23429856,-0.21384625
0,-0.6773302,-0.8384885,-0.8384885,-0.8384885,-0.8384885,-0.8384885,-0.7739022,0.07248657,2.469563,1.8582993,-0.1131223,0.22349562,0.3871145,0.4306333,0.37511978,-0.2991925,2.3108652,0.5793357,-0.39315027,3.1063538,-0.8384885,0.4270965,2.300101,-0.4357465
0,-0.70024294,-0.8384885,-0.8384885,-0.8384885,-0.8384885,-0.8384885,-0.48234093,-0.08221308,0.22534098,1.4949241,0.3545137,-0.08205933,-0.8384885,0.7471065,1.8120124,0.24625467,1.2959367,1.7495787,0.43201736,-0.12188759,-0.4395909,-0.64442194,-0.09174731,0.29515576
0,-0.8384885,-0.8384885,-0.8384885,-0.8384885,-0.7208491,-0.8384885,-0.8384885,-0.8384885,0.27470338,-0.69147766,0.24763861,-0.8384885,-0.44943267,0.023124164,0.16413768,-0.11973466,2.9144402,-0.62981313,1.6316321,2.1946096,1.3005499,-0.21430756,0.7008197,-0.032696858
0,-0.8384885,-0.8384885,-0.8384885,-0.8384885,-0.8384885,-0.8384885,-0.47434452,-0.39115116,0.5049076,1.0677315,1.6250196,0.45862073,-0.5401611,-0.16140828,-0.3131862,-0.21707556,2.08958,0.6800597,1.1306262,0.22103524,0.9225661,-0.4578904,1.3546795,0.10877796
0,-0.73238236,-0.8384885,-0.8384885,-0.8384885,-0.8384885,-0.8384885,-0.26059443,-0.48818445,-0.602287,2.1117241,0.9497846,0.6379247,-0.11096943,-0.6484201,-0.5761449,-0.08482727,0.2227268,1.022675,1.9278065,1.7192849,-0.6407313,0.76509833,3.2073855,1.0116029
1,0.12569341,-0.48434004,-0.8384885,-0.8384885,-0.8384885,-0.8384885,-0.8384885,-0.8384885,-0.8384885,-0.8384885,-0.8384885,-0.4425127,-0.8384885,-0.8384885,-0.8384885,-0.8384885,0.62300843,1.3763621,-0.0013263869,0.7686353,0.12600103,-0.027160874,-0.020548515,0.14968272
0,-0.69301546,-0.8384885,-0.8384885,-0.8384885,-0.18462859,-0.5713778,-0.5160181,-0.24998383,0.018357055,0.6188565,1.3920474,-0.32841015,0.076638564,0.6051702,1.206746,-0.15387318,1.3326894,3.134034,1.0191381,0.2656306,1.4864665,0.5016782,2.6693194,0.57626015
0,-0.8384885,-0.8384885,-0.8384885,-0.8384885,-0.8384885,-0.8384885,-0.8384885,-0.8384885,-0.8384885,0.2871593,-0.8384885,-0.1772473,-0.5320109,-0.39238137,-0.8384885,-0.8384885,0.37142918,0.36450914,-0.8384885,0.7692504,-0.48111072,-0.2493687,1.0655787,0.09063227
0,-0.8384885,-0.8384885,-0.8384885,-0.8384885,-0.8384885,-0.8384885,-0.8384885,-0.09266993,-0.33702162,0.36512437,-0.3627024,0.91441584,-0.49587327,1.3119295,-0.24537052,0.6689877,1.1320103,0.6566856,-0.8384885,-0.48372492,-0.7368419,-0.5664569,-0.2824308,-0.69040126
0,-0.82372594,-0.8384885,-0.8384885,-0.8384885,-0.8384885,-0.8384885,-0.7543725,0.24594717,1.1021776,2.3829865,0.23933463,-0.16755933,1.7162094,-0.3400972,0.5644194,-0.8384885,0.51136625,2.6587088,-0.019472081,0.20181312,0.574261,1.3354573,-0.8384885,-0.8384885
0,-0.48618537,-0.8384885,-0.8384885,-0.8384885,-0.8384885,-0.8384885,-0.5272438,-0.6794831,0.09478431,0.9986857,0.39434192,0.5605748,-0.8384885,0.21934369,0.6265453,0.50275475,0.6317737,2.8624637,0.7237323,0.446011,0.3717368,-0.4545073,-0.3377905,-0.5919839
1,0.002671849,-0.8384885,-0.8384885,-0.8384885,-0.8384885,-0.10343427,-0.8384885,-0.8384885,-0.8384885,-0.30057648,-0.38469252,-0.8384885,0.062798664,0.9327155,-0.4028382,-0.08851794,-0.005324564,1.1500022,-0.68009824,-0.056070972,-0.47803515,-0.397456,0.3389822,1.8441517
1,-0.8384885,-0.8384885,-0.8384885,-0.8069643,-0.62981313,-0.023162756,-0.08959437,-0.5226305,-0.35163045,-0.47557476,-0.16632915,0.71958035,0.42725018,1.0092962,1.1070986,0.70097333,0.057877805,2.1823077,1.8158568,1.6769962,2.4731002,1.7474262,2.1237187,0.25348222
0,-0.27320412,-0.8384885,-0.8384885,-0.8384885,-0.8384885,-0.8384885,-0.2493687,-0.45173928,0.47907308,0.6137818,0.7535651,-0.61735713,-0.8384885,0.5032161,1.5342911,0.9133394,2.279956,-0.10312677,0.9273332,-0.21615286,-0.27474195,0.013436253,-0.6471899,-0.8384885
0,-0.5047924,-0.8384885,-0.8384885,-0.8384885,-0.41160348,-0.8384885,-0.8384885,0.8975004,0.289466,2.1946099,0.3908051,0.9989932,0.53966117,-0.010706795,-0.5170945,1.4494061,1.6179459,-0.45958194,0.5844103,0.32914048,-0.8384885,-0.22168885,0.37727267,2.3480792
1,0.6649896,-0.4049911,-0.8384885,-0.21799824,-0.8384885,-0.09143969,-0.34624827,0.037271623,-0.8384885,-0.5389309,-0.063298516,-0.36977616,0.08955584,0.38403887,-0.8080407,1.1166327,1.7455809,0.3202214,0.7017423,-0.6948608,0.92810196,1.1487722,1.9550251,1.3106995
0,-0.8384885,-0.8384885,-0.8384885,-0.8384885,-0.8384885,-0.8384885,-0.8384885,-0.6321197,-0.5821422,0.19643094,-0.5067915,-0.8384885,-0.007016121,0.45969716,-0.8384885,0.32529604,0.4152556,-0.30703515,0.21765213,-0.5349327,-0.50602263,-0.8384885,0.077099934,-0.8384885
0,-0.8384885,-0.8384885,-0.3826934,-0.8384885,-0.8384885,0.03604144,0.26455405,0.52766657,4.1215897,2.3520775,3.3485527,0.82891583,1.3205409,1.4990761,1.9022795,1.4898496,1.2319654,-0.14864476,1.1998261,2.5607526,1.0623494,0.9593187,0.60593915,1.0648099
0,-0.66579694,-0.24583183,-0.8384885,-0.8384885,-0.8384885,-0.8384885,-0.73145974,-0.8384885,0.3360604,1.510917,-0.8384885,0.27301183,-0.22876258,-0.05299542,0.47876546,-0.4423589,0.39864764,0.0638751,-0.0074774334,0.12923028,-0.59782743,0.4672322,-0.37315923,-0.1055872
1,-0.8384885,-0.8384885,-0.8384885,-0.8384885,-0.8384885,-0.8384885,-0.4800343,-0.43467006,-0.8384885,-0.8384885,0.16013956,-0.8384885,-0.15018256,-0.5849102,1.1762983,-0.14603058,-0.8384885,0.0015953556,-0.034695975,-0.3131862,-0.6662583,-0.4511242,0.7418781,-0.353322
0,-0.8384885,-0.8384885,-0.8384885,-0.8384885,-0.8384885,-0.8384885,-0.8384885,-0.5970586,-0.45327708,0.53304887,-0.36762324,-0.16417627,-0.2916574,0.4249435,1.1973656,-0.26274735,0.2531746,-0.5704552,0.5322799,0.90011466,-0.44989398,-0.8384885,-0.013474787,-0.8384885
1,-0.8384885,-0.8384885,-0.8384885,-0.8384885,-0.8384885,-0.13880304,-0.8384885,-0.8384885,-0.6893248,0.8718197,-0.8384885,-0.5203238,-0.8384885,1.4537119,0.55427,1.3449914,0.50521517,-0.75237346,-0.6538023,-0.5936755,0.18828078,-0.2344523,-0.43805313,-0.7329975
1,-0.8384885,-0.8384885,-0.8384885,-0.8384885,-0.8384885,0.2991539,0.5105973,-0.36239487,-0.2569038,-0.8384885,-0.56015205,-0.8384885,-0.8384885,-0.8384885,-0.8384885,-0.021009829,-0.35224554,-0.8384885,0.20934816,-0.8384885,-0.8384885,-0.78343636,-0.4477411,0.16675185
0,-0.8384885,-0.8384885,-0.8384885,-0.8384885,-0.8384885,-0.54646593,-0.8384885,-0.8384885,-0.087133944,1.6522381,-0.37777257,-0.39914757,-0.70024294,-0.04853593,-0.2187671,-0.23030038,0.1038571,0.637771,3.3839216,0.9165688,1.3374565,0.7821676,0.64299935,-0.5829111
1,-0.031005358,0.07571594,-0.8384885,-0.8384885,-0.8384885,-0.8384885,-0.3673157,0.030197952,-0.8384885,-0.8384885,0.01974105,-0.8384885,-0.73069084,-0.1344973,2.486325,0.72127193,1.0597352,-0.38838315,-0.794047,-0.38177073,1.0998709,0.14091736,-0.08205927,0.4604661
0,0.11692819,-0.8384885,-0.8384885,-0.8384885,-0.1069712,-0.8384885,-0.028544929,2.258735,0.90503556,3.9207568,3.9682744,0.5865632,4.6447396,2.2970252,0.7621766,1.4201887,1.7986339,2.0655909,1.3416085,0.6940533,0.3422115,3.1203475,0.92410374,-0.7545263
1,-0.33563763,-0.30457467,-0.8384885,-0.8384885,-0.8384885,-0.052226547,-0.2764335,-0.8384885,-0.8384885,-0.4195999,0.16629054,0.34605592,0.27639496,0.16875103,1.9548712,2.0891187,0.62731415,1.0451263,0.10831665,0.27301183,0.6812899,-0.2419874,0.96977556,-0.47618985
0,-0.62396955,-0.8384885,-0.8384885,-0.8384885,-0.8384885,-0.8384885,-0.74929786,-0.418831,-0.8372583,0.5152107,1.4652451,0.65484023,1.4352587,-0.013628538,-0.8384885,-0.7028572,-0.018241838,-0.25152162,0.08832565,0.17259546,-0.14157103,-0.35824287,-0.08590376,0.8676676
0,-0.7823599,-0.8384885,-0.8384885,-0.8384885,-0.8384885,-0.8384885,-0.8384885,0.06572046,-0.3679308,0.10570247,0.014358878,-0.8384885,0.445396,0.24348667,-0.7000892,-0.11050806,0.28516024,-0.27612594,0.0760235,-0.36500904,-0.8384885,-0.26797578,-0.6056701,-0.7798995
1,-0.51632565,-0.17555574,-0.8384885,-0.8384885,-0.8384885,-0.8384885,-0.8384885,-0.8384885,-0.8384885,0.5359707,-0.42944163,-0.5000253,-0.8384885,-0.66241384,-0.50279325,-0.37408188,-0.09728323,1.0525076,0.15045153,1.6565439,-0.8384885,-0.37546587,-0.18385972,-0.8384885
0,-0.8384885,-0.8384885,-0.8384885,-0.35362953,-0.11419874,-0.5869093,-0.8384885,1.2733315,0.16982746,3.3911488,1.8452281,3.9605856,3.7071607,3.9508975,3.0071676,-0.36193353,3.9601238,0.62162435,0.9034977,2.1055732,0.5588833,0.9025751,0.38203982,0.19120246
0,-0.54385173,-0.8384885,-0.8384885,-0.8384885,-0.8384885,-0.8384885,0.14091742,3.1231155,1.2633358,1.9713255,0.28100818,0.9627019,-0.15602605,2.2885675,0.31191742,0.9242576,0.07417813,0.381886,0.5055228,1.7432741,0.3296018,0.12292548,0.2990002,-0.3607033
0,-0.8384885,-0.41360262,-0.8384885,-0.8384885,-0.8384885,-0.8384885,-0.2796628,-0.6338113,1.148157,0.06218354,1.2009025,-0.0963606,-0.8384885,-0.8384885,0.08202079,0.30468988,0.89365596,0.5836414,-0.7619076,0.5325875,-0.5052537,2.114646,0.18443635,-0.31241733
0,-0.7316135,-0.8384885,-0.8384885,-0.8384885,-0.8384885,-0.8384885,-0.73822594,-0.8384885,-0.08113665,-0.15971673,-0.8384885,-0.41129592,0.86059386,-0.8384885,0.38803712,-0.68778706,0.5125965,-0.4886458,0.4390911,0.4644642,-0.8384885,-0.40683642,-0.6418077,-0.48203337
0,-0.8384885,-0.8384885,-0.8384885,-0.8384885,-0.8384885,-0.8384885,-0.5094057,-0.08974818,0.44478077,3.7045465,0.83260643,0.6290057,-0.8384885,3.6099737,0.7240399,1.2096678,1.6091805,0.5951747,0.6317737,-0.43805313,-0.38992092,0.14107111,1.026827,-0.14895232
0,-0.8384885,-0.8384885,-0.8384885,-0.8384885,-0.8384885,-0.5253985,-0.8384885,-0.24890739,0.9982244,1.477855,-0.25982556,0.63977015,-0.2819695,0.48768458,-0.12834619,-0.5295505,1.659773,0.2351827,-0.5723005,0.5439669,-0.55830675,2.0921943,0.2985389,-0.41498658
1,-0.8234184,-0.8384885,-0.2396808,-0.8384885,-0.8384885,-0.8384885,-0.8384885,-0.8384885,-0.8384885,-0.8384885,-0.8384885,-0.6370406,-0.45419973,-0.35393712,-0.59413683,-0.8384885,-0.109739184,0.06756577,-0.8384885,-0.084673576,0.53643197,-0.8384885,0.7368034,0.12307923
1,-0.55538505,-0.8384885,-0.8384885,-0.8384885,-0.8384885,-0.049458615,-0.8384885,-0.7389948,-0.8384885,0.4969113,0.06156842,0.51444185,1.184602,0.25378972,0.09847493,1.4146526,0.3415964,1.2470355,0.2473311,-0.06391358,0.704664,0.66083753,-0.30888045,0.4553914
1,0.12923034,-0.8384885,-0.8384885,-0.8384885,-0.8384885,-0.8384885,-0.8384885,-0.8384885,-0.8384885,-0.8384885,-0.5034084,-0.8384885,-0.8384885,-0.8384885,-0.4983337,-0.68717194,0.21457663,0.21626808,-0.8384885,-0.8384885,-0.7619076,0.121848986,-0.30272937,-0.3224128
1,-0.23383725,-0.8384885,-0.8384885,-0.8384885,-0.50879055,-0.8384885,-0.27135882,-0.8384885,0.044806723,-0.39022848,0.54535097,-0.8384885,2.140634,1.3342273,1.175068,-0.034388416,0.5215156,-0.8384885,-0.56230503,0.8948862,-0.336099,-0.18755034,-0.8384885,0.60286367
0,0.9980706,-0.8384885,-0.8384885,-0.8384885,-0.8384885,-0.04853593,0.021432607,0.84060293,-0.033004418,4.0480843,2.051905,0.42955688,0.9031902,4.236615,2.592431,3.229683,3.252288,4.54217,0.29269528,4.6631923,0.06495153,3.8832352,3.6113575,0.7201955
1,0.1644453,-0.4757285,-0.83818096,-0.552617,-0.8384885,-0.8384885,-0.8384885,-0.8384885,-0.23076169,-0.8384885,-0.4585055,-0.76313776,-0.6253536,-0.5944444,-0.6216629,-0.4844938,-0.8384885,-0.05022749,-0.8384885,-0.1404946,-0.23752786,-0.8384885,0.6365407,-0.6739471
1,-0.8384885,-0.8384885,-0.8384885,-0.8384885,-0.5060226,-0.8384885,-0.8384885,-0.29934624,-0.61920244,0.9582423,0.54904157,1.0652711,0.586717,0.31207123,-0.38822937,1.7111347,1.5667381,-0.8384885,-0.62889045,-0.8384885,-0.15571855,-0.09989747,0.31976008,-0.8384885
1,-0.23937324,-0.059300337,-0.8384885,-0.8384885,-0.42129147,-0.2658229,-0.8384885,-0.8384885,-0.6936306,-0.6268913,-0.10297296,-0.18493615,-0.25106025,1.5113783,0.687441,-0.5453895,0.2408725,0.44770256,0.27085897,-0.086057514,0.29269528,0.33390754,0.097706,1.7108271
1,-0.43205583,-0.8384885,-0.8384885,-0.8384885,-0.8384885,-0.65826184,-0.6107447,-0.8384885,-0.34148118,-0.061145645,0.03665656,-0.53354865,0.7877036,-0.5799893,0.4029534,0.8043115,2.0233023,1.2215085,-0.8384885,-0.55415475,0.797084,-0.02423919,-0.25259808,-0.23768167
0,-0.8384885,-0.8384885,-0.8384885,-0.8384885,-0.8384885,-0.8384885,-0.8384885,-0.8384885,-0.8384885,-0.45604503,-0.7120838,-0.8384885,-0.8384885,-0.8384885,-0.13526617,-0.7011657,-0.422983,-0.3118022,-0.7134678,-0.5449282,0.01020695,-0.5066377,-0.8384885,-0.8384885
0,-0.43082562,-0.45512238,-0.8384885,-0.8384885,-0.8384885,-0.49218264,-0.6404237,-0.085134886,0.21857476,2.1363282,0.8541353,0.11000821,0.21196234,2.2521224,-0.4391296,2.8410885,0.4730758,-0.32948658,0.021432666,-0.33286965,1.0655787,2.0861971,0.24010356,-0.8384885
1,-0.7529885,-0.8384885,-0.8384885,-0.8384885,-0.8384885,-0.8384885,-0.8384885,-0.8384885,-0.8384885,-0.8384885,-0.13557373,0.35866565,-0.52416825,-0.23168439,-0.8384885,-0.8384885,0.8338367,-0.8384885,-0.24106479,-0.50017905,-0.48618537,-0.28073925,0.88427556,-0.50187063
0,-0.19708455,-0.8384885,-0.8384885,-0.8384885,-0.8384885,-0.40945062,-0.63458014,-0.8384885,-0.8384885,-0.8384885,-0.377465,-0.08836419,3.5667622,-0.40206933,-0.39099738,-0.27381927,-0.3151853,0.7932396,0.27624115,-0.00040370357,-0.73222864,-0.05038124,-0.8384885,-0.8384885
0,-0.8384885,-0.8384885,-0.8384885,-0.8384885,-0.8384885,-0.8384885,0.1173895,-0.38515386,0.36481676,1.8406149,1.3536031,-0.019472023,-0.8384885,0.7581784,-0.8384885,1.2817893,0.32237425,0.8615166,1.57089,0.46969268,-0.5235532,0.71358305,-0.11435249,-0.8384885
0,-0.8384885,-0.8384885,-0.8384885,-0.8384885,-0.8384885,-0.41498658,-0.8384885,-0.025161816,1.6287103,0.8272243,0.363279,0.3088419,-0.24444784,1.2710247,1.4295688,0.26347774,0.15598752,2.0548263,0.656378,2.304714,-0.49341285,1.0981795,-0.44712597,-0.5789129
0,-0.8384885,-0.8384885,-0.8384885,-0.8384885,-0.5782978,-0.8384885,-0.8384885,-0.47342187,-0.4102195,0.7321901,-0.13080662,-0.8384885,-0.4395909,1.3860501,0.30730417,0.13215208,1.1424671,2.1327915,0.6165498,-0.39684087,-0.8384885,0.22995423,0.10047405,-0.8384885
0,-0.8384885,-0.8384885,-0.8384885,-0.8384885,-0.8384885,-0.8384885,-0.8384885,-0.8384885,1.1699933,0.46830875,-0.8028123,-0.8384885,-0.24921495,0.47138423,-0.30073023,0.71189153,0.95793474,1.4498675,-0.8384885,0.5573457,0.64269185,-0.16217716,0.8765867,-0.8384885
0,-0.8384885,-0.8384885,-0.8384885,-0.8384885,-0.8384885,-0.8384885,-0.380233,-0.43759182,-0.8384885,1.4926175,-0.5721467,-0.08821038,0.28208473,-0.7231558,0.15122046,1.4274162,1.4391031,-0.4242132,-0.6962448,0.1858203,0.44631863,-0.14664564,0.3514381,-0.19477788
1,-0.8384885,-0.8384885,-0.8384885,-0.8384885,-0.8384885,-0.8384885,-0.12911507,-0.8384885,-0.8384885,-0.43420872,-0.76636714,0.49921796,-0.8384885,0.015742874,0.3026908,-0.58368,-0.57799023,-0.8384885,-0.8384885,0.12430948,-0.38130942,-0.12158003,-0.33563763,0.016819308
0,-0.6030559,-0.8384885,-0.8384885,-0.8384885,-0.8384885,-0.8384885,-0.8384885,1.9330351,-0.12603958,4.393468,1.4028118,3.428055,2.2844157,0.424021,1.4089627,2.1615477,-0.020856077,1.4498675,0.6308511,1.1686091,0.563189,3.271972,0.2962322,0.0960145
0,-0.5361629,-0.5975199,-0.8384885,-0.8384885,-0.8384885,-0.23660524,0.15383464,-0.6507268,-0.7600623,0.05880049,0.961933,0.4758438,-0.51571053,1.5510528,1.0620418,-0.46158102,0.93978906,1.3339196,0.33513778,0.3329849,-0.5007942,0.49091387,-0.011168107,-0.6112061
0,-0.6985514,-0.8384885,-0.8384885,-0.8384885,-0.8384885,-0.8384885,-0.7054714,-0.8384885,-0.23722036,-0.8384885,0.17505595,-0.8384885,-0.8384885,-0.76728976,0.22857028,0.637771,-0.4617348,-0.31749195,-0.5550775,-0.45296952,-0.535394,-0.16217716,-0.3468634,-0.1558723
1,-0.59321415,-0.8384885,-0.8384885,-0.8384885,-0.8384885,-0.8384885,-0.8384885,-0.4718841,-0.8384885,-0.8384885,0.08171329,-0.60674655,-0.5114048,-0.8384885,-0.60151815,0.38680688,-0.8384885,0.14568448,-0.45973572,-0.8384885,-0.32825634,-0.643038,-0.44051355,-0.8384885
0,-0.8384885,-0.8384885,-0.8384885,-0.8384885,-0.8384885,-0.8384885,-0.5503104,-0.6081306,1.6193298,0.97900224,-0.16110072,0.55949855,0.41448668,0.6868259,0.34267282,-0.6485739,0.57149315,0.6839041,2.339929,-0.64011616,-0.12557821,-0.8384885,-0.211232,-0.12603952
0,-0.8384885,-0.8384885,-0.8384885,-0.8384885,-0.3224128,-0.8384885,-0.77251816,-0.06714294,-0.17309532,0.8985768,0.4241747,-0.4505091,-0.50448483,-0.7329975,-0.33963582,0.12538591,0.06833465,2.6108842,1.6922202,-0.3225666,0.1865891,-0.8384885,-0.67502356,-0.81619084
0,0.6228546,-0.8384885,-0.8384885,-0.8384885,-0.8384885,-0.8384885,-0.25029138,-0.3419425,0.86628366,0.2985389,0.44954792,-0.4109884,0.25840306,-0.34117362,1.1381615,-0.216768,3.1743236,1.1527704,-0.8384885,0.6900552,-0.38407743,-0.5100208,1.0395904,0.23103078
1,-0.8384885,-0.8384885,-0.8384885,-0.8384885,-0.8384885,-0.8384885,-0.8384885,-0.8384885,-0.8384885,-0.8384885,-0.8384885,0.21473034,0.113391325,0.11554419,0.28439143,0.03404232,-0.52416825,-0.8384885,-0.46219614,-0.8384885,0.091708705,-0.3453256,-0.37577346,-0.6501117
0,-0.41391015,-0.8384885,-0.8384885,-0.8384885,-0.8384885,-0.8384885,-0.6739471,0.023585476,0.43140224,-0.5180172,-0.25798023,0.5956361,-0.8384885,1.1516938,-0.26213223,0.8393727,-0.030082675,-0.094822794,-0.116966665,-0.34271136,-0.09251618,0.32514223,-0.2718202,-0.64472944
0,0.47568998,-0.8384885,-0.8384885,-0.8384885,-0.8384885,-0.08236689,-0.8384885,-0.8384885,-0.43005675,0.8858133,-0.34486428,-0.8384885,-0.28212324,0.90872616,0.46615577,-0.59582835,3.6577985,0.7667899,0.5482727,0.1387645,-0.8384885,-0.29073477,-0.035157345,0.5433519
1,-0.8384885,-0.8384885,-0.8384885,-0.8384885,-0.8384885,0.9603953,1.0454338,-0.8384885,-0.41467905,-0.8384885,-0.3317932,0.57349217,0.38234732,0.467386,-0.22307284,0.0684884,1.6494702,0.4297107,-0.67779154,-0.7131602,-0.06037671,0.7758627,0.82922333,-0.00916899
1,-0.8384885,-0.8384885,-0.8384885,-0.8384885,-0.8384885,-0.8384885,-0.8384885,-0.8384885,-0.61274385,-0.46096593,-0.55400103,0.17259546,2.3497705,0.501217,-0.4228292,0.15106665,2.5912008,2.3560758,0.35205323,1.6548523,0.011437136,0.3357529,0.9770032,0.035272565
0,0.26532298,-0.8384885,0.5980965,-0.8384885,-0.8384885,-0.38976714,-0.8384885,0.792317,1.9284217,5.8260546,1.1375463,1.1987495,2.1526287,2.8560047,1.2361175,3.7792823,3.4757261,3.2715101,4.0004134,2.0728183,-0.8378734,3.3590093,2.161394,1.0337468
1,-0.77559376,0.71819645,-0.8384885,-0.8384885,-0.8384885,-0.23860435,-0.32502705,-0.8384885,-0.34301892,-0.4980262,0.26317012,-0.8384885,-0.5109435,-0.09866722,0.7086622,2.6570172,0.59625125,0.035272565,0.32529604,1.0472794,0.5473501,1.5933415,1.998544,-0.020702267
0,0.23718177,-0.8384885,-0.8384885,-0.8384885,0.3877295,-0.8384885,0.12876903,2.386216,2.5112367,2.8492386,0.9834617,1.7383534,1.2416534,2.4451125,0.6371559,1.8559927,4.7668386,3.258593,2.0795846,2.3520775,1.3093153,5.237704,0.76002365,1.104023
0,-0.48034182,-0.8384885,-0.8384885,-0.19954498,-0.17309532,-0.8384885,-0.3420963,-0.8384885,-0.78620434,1.2065923,0.18351361,0.44985542,0.0806368,0.79846793,0.9960715,0.062337294,1.9238085,0.86320806,0.6200866,-0.14787589,-0.8384885,1.5725816,1.8759835,0.4361693
1,-0.8384885,-0.8384885,-0.8384885,-0.8384885,-0.7751324,-0.8384885,-0.16556026,-0.8384885,-0.764368,-0.8384885,-0.8384885,-0.8384885,-0.15433455,-0.8384885,-0.54784995,0.71250665,-0.8384885,-0.6994741,0.5315111,-0.8384885,-0.4036071,-0.23814298,0.07371682,-0.8384885
0,-0.5501566,-0.8384885,-0.66472054,-0.8384885,-0.8384885,-0.8384885,-0.8384885,-0.8384885,-0.8372583,-0.17647842,-0.8384885,-0.2592105,-0.09051706,2.524308,0.7447998,0.06525909,2.197839,0.7428007,-0.042384826,-0.48741558,0.1299992,0.7866272,1.0257504,0.3355991
0,-0.44620332,-0.8384885,-0.8384885,-0.8384885,-0.8384885,-0.8384885,-0.8384885,-0.8384885,-0.8384885,-0.8384885,-0.33978963,-0.8384885,-0.49817994,0.17228796,-0.7114687,-0.8384885,0.0129748825,0.35589767,-0.8384885,-0.41175726,-0.8384885,0.11554419,-0.8384885,-0.4109884
0,0.6931308,-0.4228292,-0.8384885,-0.8384885,-0.8384885,-0.5415451,-0.7454535,-0.8384885,-0.33240834,2.062208,0.451547,0.4704616,-0.27735612,0.30422857,-0.69547594,-0.070679806,0.15291202,0.008976705,1.6630025,2.543376,2.1740036,1.334381,1.1526164,-0.7120838
1,-0.26074824,-0.8384885,-0.7259238,-0.8384885,-0.8384885,-0.31195596,-0.8384885,-0.8384885,-0.32548836,-0.60074925,-0.8384885,-0.8384885,0.3116098,-0.4409749,0.1427628,-0.63642555,0.9382513,-0.36300996,-0.13188305,0.044960532,0.5081369,0.51459557,1.2419611,-0.6098221
0,0.20350467,-0.8384885,-0.8384885,-0.8384885,-0.8384885,-0.67702264,-0.8384885,0.87535644,2.1447861,1.6980636,0.035580125,-0.5390846,-0.8384885,0.23302984,1.1370851,0.589485,0.37035275,1.4843136,1.2627208,-0.4223679,-0.7200802,-0.34624827,-0.7208491,-0.7251549
1,-0.5444668,-0.8384885,-0.8384885,-0.8384885,-0.36885348,-0.8384885,-0.8384885,-0.8384885,-0.8384885,-0.8384885,-0.09282374,-0.8384885,-0.29719338,-0.50433105,-0.022086263,-0.8384885,-0.8384885,-0.14387771,-0.8384885,-0.0040943786,-0.32333547,1.6699224,-0.52232295,-0.8384885
0,-0.18401347,-0.43067184,-0.8384885,-0.8384885,-0.8384885,-0.8384885,-0.3476323,0.75987,0.48261002,3.8983057,2.8869143,1.1829106,-0.3247195,1.9931619,1.6359378,0.06418266,2.3271656,3.0729842,3.9542801,0.90072984,-0.022393825,3.517246,0.9088799,-0.040693328
0,-0.8384885,-0.8384885,-0.8384885,-0.8384885,-0.8384885,-0.8384885,-0.467117,-0.2718202,0.66483563,2.710993,-0.26213223,0.1833598,1.9324199,0.019433549,-0.029775115,1.1925986,1.0863385,4.031169,2.0994217,3.7279208,-0.45712152,0.9133394,0.48414776,1.4406408
0,-0.6887097,-0.8384885,-0.8384885,-0.8384885,-0.8384885,-0.20154409,-0.8384885,-0.8384885,-0.39176628,0.61255157,0.009438017,0.8339905,0.40126196,1.4186507,0.037886806,1.4423325,0.5065992,0.5178248,-0.23860435,0.20288955,-0.04838218,0.21611439,1.859837,-0.061299395
0,-0.8384885,-0.8384885,-0.8384885,-0.8384885,-0.8384885,-0.8384885,-0.8384885,-0.1790926,0.4493941,1.6240969,-0.8384885,0.7692504,0.18766566,-0.31564662,0.0031331612,1.5785787,1.213666,1.6236355,-0.43420872,1.0011461,0.20734909,0.22395693,1.9521033,0.32160544
1,-0.24137229,-0.8384885,-0.8384885,-0.8384885,-0.8384885,-0.8384885,0.35620528,-0.8384885,-0.8384885,-0.49633464,-0.8384885,-0.8384885,-0.47880408,-0.6261224,-0.23921943,-0.23783542,0.107240215,0.36251006,-0.8384885,-0.1391106,-0.8384885,-0.488492,-0.7336126,-0.4852627
0,-0.32348928,-0.8384885,-0.8384885,-0.8384885,-0.8384885,-0.8384885,-0.79896784,-0.79619986,-0.5761449,2.1458626,0.8023124,-0.8384885,-0.40514487,0.25763413,-0.09620685,0.19058734,0.9802325,2.1973777,-0.02100977,0.36189494,-0.23045413,1.2742541,-0.72131044,-0.39760977
1,-0.8384885,-0.8384885,-0.8384885,-0.8384885,-0.8384885,-0.8384885,-0.8384885,-0.8384885,-0.8384885,-0.8384885,-0.8384885,-0.7745173,-0.8384885,-0.73591924,-0.8384885,-0.8384885,-0.69655234,-0.8384885,0.19643094,1.6539297,0.09862874,-0.8384885,-0.11266093,-0.43128696
0,-0.5727618,-0.8384885,-0.8384885,0.098628685,-0.8384885,-0.8384885,-0.8384885,-0.7480676,0.61270535,0.44139764,0.6746775,-0.013013415,0.08325098,0.08986346,-0.59475195,-0.636118,3.995339,1.4999987,0.011437136,0.04342273,0.27393457,0.6988205,0.94470996,0.45262343
0,-0.8384885,-0.8384885,-0.8384885,-0.645037,-0.589216,-0.8384885,-0.8384885,0.24610086,-0.25890294,0.8346055,-0.31749195,0.60394007,-0.32933277,1.6168693,1.563355,-0.30442092,0.33990481,0.040193424,0.957012,1.6540836,-0.8384885,-0.54984903,0.8316838,-0.31426263
0,-0.8384885,-0.8384885,-0.8384885,-0.8384885,-0.8384885,-0.8384885,-0.5484651,0.541199,1.2641047,3.555383,0.0438841,1.1200157,0.08032924,0.63238883,0.9333305,0.52766657,0.9583961,1.6746894,0.73834103,0.047728524,-0.5695325,1.1761442,0.48706946,-0.5306269
0,-0.053764354,-0.8384885,-0.8384885,-0.8384885,-0.8384885,-0.8384885,-0.8384885,-0.34471047,-0.8384885,-0.8384885,-0.8384885,-0.8384885,-0.8384885,0.45831323,-0.147107,-0.8384885,0.5396613,-0.6311971,-0.6654894,-0.2419874,0.16213861,-0.68901724,-0.32348922,0.33221608
0,-0.8384885,-0.8384885,-0.8384885,-0.8384885,-0.16202335,-0.67702264,-0.5970586,-0.16110066,0.13322857,0.12738498,2.1464777,-0.15479587,1.5170679,0.66022253,0.03142814,2.1635468,-0.18647389,0.5368933,0.7352657,0.3180685,1.5436716,-0.08144421,3.2485976,1.4940014
0,-0.8384885,-0.8384885,-0.8384885,-0.8384885,-0.11973466,-0.8384885,-0.8384885,-0.8384885,-0.009937922,0.45938954,0.37096786,-0.3268724,-0.80081314,-0.8384885,0.060645796,0.91303176,-0.011475668,0.08986346,-0.8384885,0.71558213,0.024046788,0.85367393,-0.14172484,-0.4223679
0,-0.8384885,-0.8384885,-0.8384885,-0.8384885,-0.8384885,-0.8384885,-0.14403147,-0.8384885,-0.8384885,-0.1666367,0.63023597,-0.27904767,-0.25229052,0.4855317,-0.47157654,-0.4391296,0.027737522,-0.65718544,-0.8384885,-0.5170945,-0.49387422,-0.8384885,0.33083203,-0.7154669
0,-0.5187861,-0.8384885,-0.8384885,-0.8384885,-0.8384885,-0.8384885,-0.8384885,0.41110355,0.805388,0.011129574,-0.32948658,0.597789,0.9983781,0.40126184,0.27378076,0.8658224,1.9348804,2.002081,-0.23168439,0.28269976,0.060030676,-0.8384885,-0.2964245,-0.52924293
1,-0.39115116,-0.8384885,-0.8384885,-0.8384885,-0.34517178,-0.8384885,-0.8384885,-0.8384885,-0.77405596,-0.51217365,-0.23137681,2.0026963,0.7792458,0.635003,1.3293064,-0.13465105,0.12031124,0.023431726,1.050816,-0.30042267,1.0971029,0.048651148,3.367621,-0.3459407
0,-0.8384885,-0.8384885,-0.8384885,-0.8384885,-0.8384885,-0.8384885,-0.8384885,-0.5074066,-0.06068427,1.1965966,1.3003962,-0.09036325,-0.8384885,-0.8384885,-0.8384885,0.38880593,-0.2569038,1.5904197,-0.071448736,0.18043812,0.0055935914,0.6391549,-0.3377905,-0.8384885
1,-0.31072578,-0.8384885,-0.8384885,-0.8384885,-0.8384885,-0.8384885,-0.8384885,-0.8384885,-0.8384885,-0.27566463,-0.7975839,-0.4237519,-0.58198845,-0.8384885,0.09493801,-0.8384885,-0.062222082,0.6857495,-0.8384885,0.22657123,-0.8384885,-0.8384885,-0.8384885,-0.56015205
0,-0.8384885,-0.8384885,-0.8384885,-0.8384885,-0.8384885,-0.8384885,-0.8384885,0.29331052,-0.8384885,-0.24829233,0.2508679,0.22057393,-0.5929066,-0.5124812,0.15352702,-0.13096038,2.6633222,2.0932705,2.0668209,-0.27535707,-0.04069327,-0.51755583,1.0955652,-0.6004417
0,-0.42129147,-0.8384885,-0.8384885,-0.8384885,-0.12788488,-0.8384885,-0.8384885,-0.8384885,-0.83802724,0.20565754,-0.49771863,-0.37792632,-0.8384885,-0.47403696,0.15198927,-0.42175278,0.23764308,2.198608,-0.21661423,1.6390133,-0.8384885,-0.8384885,-0.19493169,-0.8384885
1,-0.8384885,-0.4123724,-0.8384885,-0.20538852,-0.69147766,-0.19108725,-0.3862303,-0.5578455,0.31176373,-0.67686886,0.41156498,1.2029016,2.2508924,-0.09928235,0.24886885,0.8149222,0.50198585,1.9162732,-0.8384885,-0.17647842,0.8001595,-0.16509889,0.04634453,-0.35239935
0,-0.8384885,-0.8384885,-0.8384885,-0.8384885,-0.8384885,-0.8384885,-0.6311971,-0.34317273,-0.40775907,0.06695065,-0.46803966,-0.8384885,-0.6348877,0.3331387,-0.3171844,0.49398947,0.2620937,-0.8384885,-0.18755034,-0.3942267,-0.54938775,-0.18555127,0.10877796,0.5830264
1,-0.46219614,-0.6212016,-0.8384885,-0.8384885,-0.8384885,-0.8384885,-0.8384885,-0.8384885,-0.8384885,-0.68532664,-0.8384885,-0.8384885,-0.0077850525,-0.77651644,-0.8384885,-0.07267892,0.58256507,0.52981955,-0.8384885,-0.5732232,-0.3499389,-0.28120056,1.3957379,-0.8384885
0,-0.59998035,-0.8384885,-0.078829974,-0.8384885,-0.8384885,-0.8384885,-0.83818096,-0.24890739,-0.5776827,2.0531352,1.5159917,-0.43128696,0.1679821,0.27024385,0.5118275,0.36896878,2.323475,0.26440036,3.1100447,-0.3317932,-0.10358808,-0.8372583,0.44693363,0.9934573
0,-0.8384885,-0.8384885,-0.8384885,-0.8384885,-0.8384885,-0.8384885,-0.8384885,-0.40068534,0.9954563,-0.60843813,-0.18432103,0.004055844,0.6503807,0.5956361,0.53981495,2.0963464,1.6496239,0.34713235,-0.468501,-0.3459407,-0.8384885,0.25563496,-0.4034533,-0.5304731
0,-0.59675103,-0.8384885,-0.8384885,-0.8384885,-0.8384885,-0.8384885,-0.4351314,-0.5012555,0.21396151,0.31530052,2.6667054,0.45754427,-0.83756584,3.4040663,-0.23352969,2.2887213,1.9359567,2.13925,2.077893,2.9453492,1.2965517,1.8173945,-0.5584606,-0.6456521
0,-0.8384885,-0.8384885,-0.8384885,-0.8384885,-0.8384885,-0.52647495,-0.8384885,-0.81280774,-0.09082462,1.2085912,1.9590232,-0.3956107,-0.2824308,0.15398845,-0.52339935,0.6016333,0.9562432,0.8587485,-0.8384885,0.25717282,0.32452723,0.20596504,0.7775544,-0.8384885
0,-0.8384885,-0.8384885,-0.8384885,-0.8384885,-0.8384885,-0.8384885,-0.5698401,0.38111708,1.3314592,1.3039333,1.5359827,-0.3836161,0.2105784,0.40249208,2.478636,1.4458693,0.122002795,1.8575305,1.8001715,-0.08236689,0.89534754,1.5871905,1.6560825,-0.27197394
1,-0.8384885,-0.8384885,-0.8384885,-0.8384885,-0.8384885,-0.8384885,-0.8384885,-0.8384885,-0.8384885,-0.8384885,-0.5021782,-0.8384885,-0.39407292,-0.022393825,-0.6745622,-0.6055163,-0.8384885,-0.8384885,-0.8384885,-0.8384885,-0.552617,-0.5492339,-0.35901174,0.18459004
1,0.2047348,-0.7479139,-0.8384885,-0.8384885,-0.8384885,-0.026853371,-0.19769967,-0.8384885,-0.8384885,-0.38223207,-0.56845605,-0.336099,-0.8384885,-0.4791116,1.2299665,-0.47280675,0.17828526,-0.43666917,-0.8384885,-0.09174731,-0.769904,0.0060549034,-0.035003535,0.58533293
0,-0.8384885,-0.8384885,-0.8384885,-0.8384885,-0.8384885,-0.8384885,0.12646234,1.0332855,3.5178614,2.220752,0.7234248,4.205552,-0.45742908,0.15721776,0.78678095,0.8733574,2.6859274,0.29746246,2.0821986,0.6676038,1.8080143,-0.05314923,1.1392379,0.07294794
0,-0.70593274,-0.8384885,-0.8384885,-0.8384885,-0.8384885,-0.83802724,-0.8384885,0.52412975,0.47399843,0.49337435,1.2656426,1.0966417,-0.102050334,-0.39099738,1.5685834,0.5129041,0.27516472,0.7257315,0.5901001,0.532895,-0.1191196,-0.52278423,0.5782592,0.11846593
0,-0.8384885,-0.8384885,-0.8384885,-0.8384885,-0.8384885,-0.8384885,-0.8384885,-0.35424468,-0.8384885,0.091862515,0.5069067,-0.8384885,0.08740296,-0.8384885,-0.10543345,0.8110778,-0.8384885,0.22349562,0.13061434,-0.073140234,-0.40114665,0.25855675,-0.07544692,-0.2722815
0,-0.055917222,-0.74176276,-0.8384885,-0.62489223,-0.8384885,-0.8384885,0.48261002,-0.053764354,0.90272886,1.8060151,0.8210732,1.2578001,1.4594016,2.797262,3.373772,1.4603244,4.9475265,4.0154834,1.2554933,1.985473,2.0715883,0.097706,0.90472794,0.25471234
1,-0.61966383,-0.8384885,-0.8384885,-0.8384885,-0.50617635,-0.8384885,-0.8384885,0.077099934,-0.8384885,-0.8384885,-0.8384885,-0.70316476,-0.063452266,-0.8384885,-0.8384885,-0.64534456,-0.41375637,-0.43005675,-0.4217528,-0.8384885,-0.12557821,-0.8384885,0.55442387,-0.13557373
0,-0.8384885,-0.8384885,-0.8384885,-0.8384885,-0.8384885,-0.27366552,-0.06560519,1.8338487,1.041897,3.0233142,-0.6934768,-0.09743704,-0.48680046,0.40203077,1.3671353,-0.31810707,1.8873633,1.5558199,0.7263465,1.0809563,0.025584653,2.2090647,1.7465035,0.2165757
0,-0.6185874,-0.8384885,-0.8384885,-0.8384885,-0.1973921,-0.8384885,-0.77005774,-0.5170945,-0.08574995,0.7755552,3.8526337,-0.017165402,0.39003617,1.4263396,-0.01870315,1.6282489,0.3022295,0.32591116,0.09401538,0.06818084,0.14676091,2.6796227,0.595021,-0.15233544
0,-0.8384885,-0.8384885,-0.8384885,-0.8384885,-0.8384885,-0.8384885,-0.4817258,-0.75760186,-0.8369508,1.7425052,1.2499573,-0.26643798,0.0760235,-0.012705854,0.08724921,3.0937443,3.334559,0.24917647,1.170916,0.6345417,0.33098572,1.1649187,0.9640859,0.26624572
1,-0.41406393,-0.8384885,-0.8384885,-0.8384885,-0.8384885,0.12415567,-0.46419525,-0.14741458,-0.8384885,0.10554866,-0.1131223,0.27854782,-0.29350275,0.44416577,-0.014858782,-0.33148563,1.1443126,-0.13511236,-0.8384885,-0.53216463,-0.8384885,-0.29427162,-0.15202788,0.3665083
0,-0.7456072,-0.8384885,-0.8384885,-0.8384885,-0.8384885,-0.46834722,-0.8384885,-0.60443985,-0.34609446,-0.34363404,-0.8384885,-0.8384885,-0.8384885,0.4274041,-0.44020602,-0.8384885,-0.15064387,-0.6318122,0.22549479,1.0294411,-0.11788935,-0.8384885,0.23210709,0.43278617
0,-0.8384885,-0.8384885,-0.8384885,-0.8384885,-0.8384885,-0.80142826,-0.8384885,-0.13572748,0.04695965,0.7829365,0.7134293,0.36819986,0.9145697,0.070179954,1.2885553,-0.03131292,3.1712477,0.46308026,0.5562692,0.8012359,-0.34271142,2.4097438,-0.25182915,0.007900271
1,-0.8384885,-0.8384885,-0.8384885,-0.8384885,-0.27950904,-0.8384885,-0.20492715,-0.8384885,-0.8384885,-0.43805313,-0.5876782,-0.6525721,0.35312966,-0.08175177,-0.37777257,-0.10758632,-0.5962897,-0.23337594,-0.24398653,-0.41867724,-0.8384885,0.10800909,0.9513224,0.37973315
0,0.3512844,-0.8384885,-0.8384885,-0.8384885,-0.29073477,-0.8384885,0.15491107,0.26347774,0.45662165,0.8598251,1.5461321,0.82276475,0.52643645,0.5225919,0.6197791,-0.8384885,1.7441967,2.4404995,1.3705184,1.0732676,0.95747346,0.24194893,-0.18816546,1.2371938
0,-0.8384885,-0.8384885,-0.8384885,-0.5563077,-0.8384885,-0.8384885,-0.8384885,-0.8384885,-0.16540645,0.37127537,-0.40329954,-0.39991644,-0.8384885,0.0028256,0.092016324,-0.8384885,0.847369,0.44355065,0.32283556,0.22149655,0.5041387,-0.11788935,0.59363693,-0.070218496
0,-0.8384885,-0.8384885,-0.8384885,-0.8384885,-0.8384885,-0.8384885,-0.33425364,1.3891256,-0.64534456,1.6519307,0.059261803,1.0223672,-0.8384885,-0.3136475,0.9653161,1.2839421,1.7540385,0.04649828,0.0074389577,-0.65903074,0.26747587,-0.32502705,1.6253271,-0.76544446
0,-0.8384885,-0.8384885,-0.8384885,-0.8384885,-0.8384885,-0.8384885,-0.8384885,-0.8384885,-0.27935523,0.8947324,1.1412369,-0.8384885,-0.4408211,-0.29488674,0.67114055,0.519824,1.2505726,1.0954114,-0.8384885,-0.25029138,0.092938945,-0.40975818,1.1933675,0.31576183
0,-0.27381927,-0.37654233,-0.8384885,-0.8384885,-0.4663481,-0.45020154,-0.62643,1.4387954,1.8672184,2.795878,1.352219,2.2761118,0.5967125,-0.34517178,1.0588125,-0.17955397,0.89304084,2.176464,3.7362244,2.2919507,1.5123008,0.61024487,-0.058377594,3.1212702
0,-0.33825186,-0.8384885,-0.8384885,-0.8384885,-0.8384885,-0.8384885,-0.5841413,-0.17816998,2.4278896,2.00531,-0.08959437,0.8702819,-0.8020434,1.7223604,0.17490214,1.1500022,4.3747067,2.1078796,-0.49402797,0.19966024,-0.2155378,1.8987427,1.3562173,-0.3531682
0,-0.8384885,-0.22968526,-0.0977446,-0.8384885,-0.8384885,-0.8384885,-0.696091,0.56549585,-0.39099738,1.60549,0.24702348,0.02666103,0.48676193,-0.75944716,0.23087697,1.5344448,2.3923671,-0.2047734,0.27931663,0.6523799,-0.43743804,0.13999468,-0.22184266,-0.5435442
1,-0.64765126,-0.6859417,-0.8384885,-0.8384885,-0.8384885,-0.6379633,-0.8384885,-0.8384885,-0.27950904,0.6736011,-0.6039786,0.81046253,0.44816387,-0.53524023,0.2201125,-0.45404595,-0.27858636,-0.7353042,0.007285148,-0.8384885,-0.8384885,-0.67917556,1.5656615,0.14368536
0,-0.8384885,-0.8384885,-0.8384885,-0.8384885,-0.3164155,-0.7348428,-0.19477788,0.04942008,0.9616254,2.0754328,0.10247317,-0.44328156,1.1579987,0.08109811,-0.1483372,0.08771053,0.10785534,0.6714482,0.4457035,0.4915291,0.9617792,0.84152555,-0.013013415,-0.645037
0,-0.8384885,-0.8384885,-0.8384885,-0.35947308,-0.8384885,-0.8384885,-0.8384885,0.46261895,1.9788605,0.49060625,-0.58614045,0.07387063,0.38603806,0.06556665,0.9153386,0.7672512,1.4521741,0.7304985,-0.07913759,-0.317492,0.35482132,0.12015743,-0.10374189,0.03204326
0,-0.8384885,-0.8384885,-0.8384885,-0.8384885,-0.8384885,-0.8384885,-0.12742351,0.7467989,1.1178629,-0.06729669,0.5779517,0.13676538,-0.42805764,0.47861177,-0.3665468,-0.06083808,1.9868569,0.66006875,-0.32410434,-0.8384885,-0.5987502,-0.27074376,-0.8384885,-0.8384885
1,-0.5612285,-0.8384885,-0.8384885,-0.8384885,-0.8384885,-0.8384885,-0.8384885,-0.8384885,-0.8384885,-0.8384885,-0.8384885,-0.8384885,-0.7731333,-0.5127888,-0.8384885,-0.7011657,-0.8384885,-0.0113218585,-0.8384885,-0.8384885,-0.5875244,0.18197587,0.56380427,-0.8384885
1,0.03942455,-0.8384885,-0.8384885,-0.8384885,-0.1604856,-0.8384885,-0.8384885,-0.8384885,-0.8384885,-0.8384885,0.84321713,-0.32318166,0.46231133,-0.33148563,2.0646684,1.2485734,1.2762533,2.0925019,-0.8384885,1.052969,1.044665,2.0694351,0.15475726,1.4208037
0,0.1827448,-0.8384885,0.3262187,-0.8384885,-0.8384885,-0.57122403,-0.8384885,-0.02608444,-0.08928681,-0.58475643,0.9740813,0.38603795,-0.55769163,-0.1758633,-0.8384885,-0.080521524,1.3305366,1.8017094,0.8918107,0.50536895,-0.63227355,0.38680688,-0.49141377,-0.37054503
0,-0.47665116,-0.8384885,-0.8384885,-0.8384885,-0.8384885,-0.8384885,-0.7582169,0.7538727,0.07202526,1.334996,-0.2810468,-0.3793103,-0.3244119,1.2619519,-0.1102005,-0.2582878,0.008361583,-0.0780611,2.6505587,1.3574475,0.08063674,0.13630407,-0.72792286,-0.8384885
0,-0.4100657,-0.8384885,-0.8384885,-0.8384885,-0.8384885,-0.8384885,-0.011014298,-0.34793982,0.510136,-0.47050008,1.0489707,0.5485802,-0.041923515,-0.8384885,0.48014954,-0.020702267,1.4443315,-0.13049906,0.13030677,-0.8384885,-0.8384885,0.054340944,0.3662007,-0.48280227
0,-0.7923554,-0.8384885,-0.8384885,-0.8384885,-0.8384885,-0.8384885,-0.8384885,0.023124164,1.0503548,0.55842197,0.7698655,-0.6441144,-0.29627076,-0.44712597,0.5313573,1.6239432,0.56811,1.2813277,-0.5663032,0.2531747,-0.17663218,0.64315313,0.06695065,-0.8384885
1,-0.8384885,-0.8384885,-0.8384885,-0.8384885,-0.8384885,-0.8384885,-0.8384885,-0.8384885,-0.8384885,-0.8384885,-0.46604058,-0.8384885,-0.8384885,-0.6016719,-0.8384885,-0.5066377,-0.0093228,-0.8384885,-0.16063935,-0.8384885,0.35020798,-0.7114687,-0.13049906,-0.8384885
0,-0.8384885,-0.8384885,-0.23276082,-0.8384885,-0.8384885,-0.8384885,-0.8384885,-0.8384885,-0.61812603,0.5379696,-0.27012864,-0.05053505,-0.29242632,-0.09297749,0.10908558,0.04680584,-0.30626622,0.6649896,-0.4369767,0.1644453,-0.8366432,0.6227009,0.2810083,0.038809486
0,-0.058992773,-0.8384885,-0.8384885,-0.8384885,-0.8384885,-0.8384885,-0.23506749,-0.02608444,3.6496484,2.1607788,3.5066354,1.4870815,0.4644642,-0.19646943,0.62408483,1.1661489,3.1292665,4.6302843,1.0701921,1.5044583,1.876445,3.9781158,3.3877656,0.37496597
0,-0.20461959,-0.8384885,-0.8384885,-0.8384885,-0.8384885,-0.8384885,-0.64119256,-0.6687187,-0.16571403,0.6311586,0.1098544,1.1586137,-0.26028693,2.1990693,0.9148772,0.78186,-0.04638306,0.64561355,0.9479392,-0.1986223,1.0062207,0.76371443,1.8503029,0.027737522
0,-0.8384885,-0.8384885,-0.8384885,-0.8384885,-0.8384885,-0.8384885,-0.8384885,-0.23429856,1.1034079,-0.027468435,0.20811792,1.3151588,0.64838165,-0.8384885,-0.5513868,2.379911,-0.70624024,-0.14879857,1.6885293,-0.078829974,-0.8384885,-0.8384885,0.32206675,1.9800907
1,-0.6670271,-0.68102086,0.42202184,-0.8384885,-0.8384885,-0.8384885,-0.8384885,-0.8384885,-0.8384885,-0.74929786,-0.2745882,-0.22537953,-0.3862303,-0.07560067,1.5018442,-0.20784895,0.07340926,-0.50371593,1.1623044,-0.5092519,-0.5415451,0.85690325,-0.26720685,-0.623662
1,-0.72469354,-0.8384885,-0.47757384,-0.8384885,-0.8384885,-0.8384885,-0.8384885,-0.8384885,-0.8384885,-0.49910262,-0.16663665,0.11185358,0.37481228,-0.18247572,0.30991834,-0.49679595,-0.14802964,0.18535897,1.4621696,0.013743755,-0.55123305,-0.35424468,0.89534754,-0.28458366
0,-0.80219716,-0.8384885,-0.8384885,-0.8384885,-0.8384885,-0.8384885,-0.8384885,-0.5060226,-0.44528067,1.8439981,0.6962062,0.40449125,-0.8384885,-0.45527616,-0.48618537,-0.22261147,1.0414357,0.0008264822,1.0483556,-0.4577366,1.436335,-0.26274735,0.100320294,-0.8384885
0,-0.8384885,-0.8384885,-0.8384885,-0.8384885,-0.8384885,-0.8384885,-0.7514507,-0.51740205,1.5066112,0.9650085,0.84998333,-0.10481833,1.3085463,0.25501996,0.23625913,1.1495409,0.49952534,1.4078864,1.5099944,0.032812133,-0.8384885,0.20396599,1.2056696,-0.2550585
0,-0.56507295,-0.8384885,-0.8384885,-0.8384885,-0.8384885,-0.8384885,-0.8384885,-0.8384885,-0.20692627,1.6081041,2.0110002,0.65576285,-0.8384885,0.10339579,0.9663926,1.2425761,1.3223864,2.60258,1.2139735,1.5138388,1.5567424,-0.26382378,0.73357403,0.9617792
0,-0.2530594,-0.8384885,-0.8384885,-0.8384885,-0.56860983,-0.8384885,-0.8384885,-0.22722483,0.35605147,0.3182223,0.02696859,-0.0734478,0.7355732,0.65576285,2.1843066,0.085403904,0.8490606,0.92410374,0.5408915,1.261183,-0.8384885,0.08125192,0.81661373,-0.24367897
1,-0.8384885,-0.8384885,-0.8384885,-0.8384885,-0.1501825,0.43201736,-0.8384885,-0.8384885,-0.8384885,-0.30472848,-0.8384885,0.34328794,0.9287171,0.1355352,2.8312466,0.22626361,1.7544997,1.3369951,-0.58614045,1.4277235,1.5879594,1.8629125,1.2311965,0.5890237
1,-0.26120955,-0.44804865,-0.8384885,-0.8384885,-0.8384885,-0.8384885,-0.8384885,-0.8384885,-0.8384885,-0.8384885,-0.8384885,-0.2493687,-0.087287754,-0.8384885,-0.69839764,-0.8384885,0.0671044,-0.40791285,-0.66948754,-0.3010378,-0.67102534,0.12446329,-0.26997483,0.29392552
0,-0.7469912,-0.8384885,-0.8384885,-0.8384885,-0.8384885,-0.8384885,-0.8384885,-0.8384885,-0.62027895,-0.070218496,0.40156946,-0.62335443,0.05680137,0.41587073,-0.25259808,-0.23168439,0.80477285,0.06602797,0.35359097,0.6429995,1.1066372,1.0732676,-0.8384885,2.0738947
0,-0.8384885,-0.8384885,-0.8384885,-0.8384885,-0.8384885,-0.8384885,-0.8384885,-0.8384885,-0.8384885,-0.836797,-0.8351054,-0.8384885,-0.83525926,-0.8384885,-0.8384885,-0.8349517,-0.8384885,-0.8384885,-0.7845128,-0.73330504,-0.8384885,0.3417502,0.038348116,-0.47434452
1,-0.042077325,-0.8384885,-0.24721584,-0.8384885,-0.8384885,0.19858381,0.6317737,-0.8384885,-0.64626724,1.9328812,-0.116044044,1.2339646,0.19027984,-0.7537574,0.23133828,-0.50187063,0.92302746,3.131727,-0.042077266,0.58886987,0.23056935,0.9886902,0.2135002,0.23164578
0,-0.8384885,-0.8384885,-0.8384885,-0.8384885,-0.8384885,-0.8384885,-0.8384885,-0.024392942,-0.35393715,1.2485734,0.7926245,-0.5501566,-0.3377905,-0.38638407,0.5960974,0.7200417,2.7231414,1.4738567,-0.26997483,-0.5398535,-0.8384885,-0.22045866,1.3093153,-0.5004866
0,-0.18831927,-0.8384885,-0.8384885,-0.8384885,-0.606439,-0.8384885,-0.8384885,-0.33471495,-0.8384885,-0.29304138,0.5744148,-0.57014763,0.30807298,-0.8384885,-0.4691161,-0.41329506,0.7518735,0.10370341,0.4916828,0.61301285,-0.8384885,-0.8384885,-0.8384885,-0.8384885
0,-0.26566908,-0.8384885,-0.8384885,-0.8384885,-0.8384885,-0.8384885,-0.8384885,-0.45512238,0.37281322,2.4360397,1.5505915,0.8139995,0.32760274,0.9351757,0.5813348,0.6111675,2.7901883,-0.3982249,0.19412427,-0.07929134,-0.5341638,3.5267801,3.3336363,0.7237323
0,-0.55461615,-0.8384885,-0.8384885,-0.8384885,-0.8384885,-0.8105011,-0.74068636,-0.8384885,0.19796869,3.2712028,-0.17617086,-0.64888144,-0.34286517,-0.4383607,-0.32164392,-0.8384885,2.3694544,0.7255778,-0.25874916,0.055263568,-0.11112318,0.18858828,0.95762724,0.21519165
0,-0.8086558,-0.8384885,-0.8384885,-0.8384885,-0.8384885,-0.8384885,-0.8384885,-0.8384885,1.9402624,2.8886056,2.055749,0.30622774,2.7188358,1.722514,3.179244,0.48476288,4.104059,3.0702162,0.6411541,3.4615788,2.6748555,3.0088592,3.853249,1.137854
0,-0.5756836,-0.8384885,-0.8384885,-0.8384885,-0.8384885,-0.8384885,-0.8384885,-0.8384885,-0.10005122,0.28823572,-0.3540909,0.6040938,-0.8384885,-0.11727423,-0.41913855,-0.34840113,0.24656217,1.0537379,0.3872682,-0.8384885,-0.62058645,-0.39268893,1.3614457,-0.18585883
0,-0.8384885,-0.8384885,-0.8384885,-0.8384885,-0.8384885,-0.8384885,-0.5849102,-0.8384885,-0.17248018,-0.28735164,1.1870626,-0.0217787,-0.47757384,-0.26274735,-0.16755933,-0.8384885,0.1435316,2.1151073,0.36466295,-0.14910607,-0.8384885,-0.5054075,0.20673397,-0.8384885
0,-0.4297492,-0.8384885,-0.8384885,-0.8384885,-0.8384885,-0.8384885,-0.57014763,1.3788226,2.2425883,1.0755743,-0.18309078,0.5381234,-0.8384885,1.0274421,0.2990002,-0.39714843,1.6596196,-0.20000629,-0.12127247,0.6649896,2.3251665,0.18489766,1.7275888,0.32806405
0,0.33421516,-0.8384885,-0.8384885,-0.8384885,-0.8384885,-0.8384885,-0.74406946,0.8209194,1.2253529,2.5121593,0.46154252,0.39557216,0.7404941,2.9398134,-0.60797673,0.107240215,-0.21323107,-0.38899827,-0.35608998,1.4177281,0.9989932,0.53274125,1.3400707,-0.42528963
0,-0.8384885,-0.8384885,-0.8384885,-0.8384885,-0.8384885,-0.60074925,-0.8384885,-0.6970137,-0.6259687,1.1899843,0.03419613,0.6271603,-0.63165843,-0.58383375,0.8399878,-0.016088968,0.43293986,1.7694161,0.18043812,-0.23645143,-0.6212016,-0.280893,-0.65887696,0.63438785
0,-0.8384885,1.6105645,-0.8384885,-0.8384885,-0.8384885,-0.6748698,-0.8384885,0.035272565,-0.39115116,-0.18724282,-0.8384885,-0.50617635,-0.27320418,-0.19077969,-0.3170306,-0.5709165,0.20888685,0.052803136,-0.8384885,-0.6633365,-0.05284167,-0.53969973,-0.8384885,-0.8384885
1,-0.15664117,-0.15664117,-0.593368,-0.8384885,-0.4477411,-0.8384885,-0.8384885,-0.45619884,-0.8384885,0.19689226,-0.21630667,0.23349115,0.8715122,0.79846805,2.2979481,0.9034977,3.2755086,0.2530208,1.5861139,2.1715431,2.434502,0.89627016,4.2864385,-0.17017357
1,-0.8384885,-0.8384885,-0.8384885,-0.8384885,-0.8384885,-0.8384885,0.7368034,-0.5366242,-0.5586143,-0.6662583,0.6473051,0.36235625,-0.4437429,0.7106614,-0.077292226,-0.8384885,0.3242196,0.59102273,-0.5324722,0.44247407,1.090183,-0.030082675,0.27685627,-0.8384885
0,-0.8384885,-0.8384885,-0.8384885,-0.8384885,-0.21784443,-0.8384885,-0.7728257,0.018203303,-0.19477788,0.8759717,0.74833673,0.96423966,0.6114751,0.98392314,-0.40883553,1.6494702,1.2447289,0.99730164,1.034362,0.26332393,0.8470615,0.5224382,-0.18109173,-0.04561419
1,-0.8384885,-0.8384885,-0.8384885,-0.8384885,-0.8384885,-0.8384885,-0.8384885,-0.8384885,-0.18585883,0.35589767,-0.23660524,0.470154,1.2511876,-0.45927438,-0.8384885,-0.8384885,0.41925383,-0.047151934,-0.55999833,-0.25382826,-0.6242771,0.9753115,-0.12142622,-0.7431468
0,-0.5150954,-0.8384885,-0.53631663,-0.8384885,-0.7106998,-0.8384885,-0.8384885,-0.49910262,0.92410386,2.068205,3.439435,1.6411661,0.24809992,2.1770792,0.67344725,0.7337278,1.3449917,1.9551789,1.4967695,1.3517579,2.086966,2.4100513,2.347772,-0.5501566
0,-0.15341187,-0.48633915,-0.8384885,-0.8384885,-0.8384885,-0.8384885,-0.8384885,-0.36316374,-0.4365154,1.131549,0.632235,-0.8384885,0.9359446,0.70051205,-0.43636158,0.6442296,1.4015815,1.2679492,-0.7371495,0.54504347,-0.8384885,1.6846851,-0.5293967,1.5535133
0,-0.5627663,-0.8383348,0.2994615,-0.8384885,-0.8384885,-0.8384885,-0.8384885,-0.41068083,-0.7806684,1.706214,0.08202079,-0.35286066,-0.8384885,-0.16140828,-0.19523925,-0.28181574,1.7955585,1.2519565,-0.192625,0.16352266,-0.6693338,-0.49018356,-0.2844299,-0.8384885
0,-0.259518,-0.8384885,-0.8384885,-0.8384885,-0.8384885,-0.8384885,-0.15556474,-0.67240936,-0.5578455,-0.057147406,1.4640149,-0.20231292,-0.8384885,-0.16571403,0.38465402,-0.18262947,-0.8383348,2.9099805,-0.15079762,-0.13926435,-0.5132501,-0.41114214,1.0789572,-0.05807009
0,-0.8384885,-0.8384885,-0.8384885,-0.8384885,-0.8384885,-0.6418077,-0.54462063,0.020971294,-0.39361158,0.50260097,0.59102273,-0.8384885,-0.8384885,-0.3896134,-0.07267892,0.49229792,2.9267423,1.6179457,1.2641047,-0.14157103,1.1280122,-0.11389118,-0.578144,-0.8384885
0,-0.5570766,-0.8384885,-0.8384885,-0.8384885,-0.8384885,-0.7582169,-0.8384885,-0.0027103825,-0.23122306,1.2594914,0.21288496,0.67083305,0.8613628,-0.30826533,1.1444663,0.6800597,0.552271,0.97961736,0.74064785,0.44739494,-0.0108605465,1.5132235,-0.28873566,-0.017319154
0,-0.8384885,-0.8384885,-0.8384885,-0.7045488,-0.8384885,-0.8384885,-0.8384885,-0.44881752,0.6969751,0.17674738,-0.1348048,0.5064454,-0.18247572,0.6519185,1.6057974,0.9359446,1.7798731,0.64607495,-0.28058547,0.28823572,-0.8384885,0.94916946,-0.24859983,0.19350915
0,-0.74529964,-0.8384885,-0.8384885,-0.8384885,-0.8384885,0.89565516,-0.52939665,-0.28396854,-0.6425766,-0.2293777,0.13676544,1.8049386,1.0748053,2.5046241,1.2050544,1.3323818,6.425631,1.9421079,0.05787775,3.6019773,3.2515194,0.8462926,0.99053556,1.1967506
0,0.07940661,-0.8384885,-0.8384885,-0.8384885,-0.8384885,-0.38469252,-0.51970875,0.08032924,0.16290754,-0.8384885,-0.64165395,0.60701555,0.7801684,-0.53862333,0.21688332,-0.02423919,0.14291649,0.35589767,-0.75191206,-0.40668264,-0.8384885,0.56011355,-0.052534107,-0.1423399
0,0.5224382,-0.8384885,-0.8384885,-0.8384885,-0.8384885,-0.44620332,-0.8384885,0.46369538,0.12277173,-0.10358808,-0.39068982,-0.8378734,0.21811344,1.0826479,-0.66825736,-0.46942365,0.9894591,0.5742611,-0.12450177,0.66037625,-0.3766961,0.45585272,-0.08375089,-0.8384885
1,-0.8384885,-0.8384885,-0.8384885,-0.8384885,-0.8384885,-0.8384885,-0.47203788,-0.8384885,-0.8384885,-0.47511342,-0.6474974,-0.2493687,-0.01901071,-0.13541992,-0.2590567,-0.8384885,-0.4028382,0.07556213,-0.49741107,-0.8384885,-0.5152492,0.32529604,-0.15940917,-0.68378884
1,-0.8384885,-0.8384885,-0.8384885,-0.22291909,-0.8384885,-0.8384885,-0.8384885,-0.8384885,-0.8384885,-0.62058645,-0.050688744,0.94886184,0.28054687,0.53104967,-0.23599012,-0.45466107,-0.8384885,-0.60013413,0.49045256,-0.8384885,-0.3071889,-0.5366242,-0.55061793,0.035272565
0,-0.8384885,-0.8384885,-0.8384885,-0.8384885,-0.8384885,-0.8384885,-0.8384885,-0.12173378,-0.094207734,0.06618178,0.0960145,-0.17647842,0.24056488,-0.8384885,0.30130687,-0.022240015,0.73326653,-0.45742908,-0.38653785,-0.062837206,-0.8384885,-0.28273836,0.7146595,-0.023008946
0,0.10493354,-0.8384885,-0.8384885,-0.8384885,-0.8384885,-0.8384885,-0.8384885,-0.6024408,-0.48649293,-0.41667813,-0.58368,-0.8384885,-0.33963588,-0.5161719,0.22349562,0.035272565,1.9970063,-0.8384885,-0.64580595,-0.5664569,0.20627266,-0.8384885,0.3355991,-0.3862303
0,-0.8384885,-0.8384885,-0.8384885,-0.8384885,-0.8384885,-0.8384885,-0.8384885,-0.8384885,-0.418831,0.42817283,-0.4109884,0.48384014,0.46261895,-0.52739763,0.59117657,-0.32594973,0.7761703,-0.24583183,-0.29888493,0.18689673,-0.32964033,-0.03408091,-0.064067386,-0.8384885
1,-0.40898928,-0.8384885,-0.8384885,-0.8384885,-0.8384885,-0.38530764,-0.8384885,0.32898667,-0.8384885,-0.7906639,0.9700832,0.15675645,1.5487462,1.817702,-0.3173382,0.18858828,-0.8384885,1.5003064,-0.14849101,-0.05299542,-0.8384885,1.3311516,-0.6498041,-0.06806563
0,-0.69655234,-0.8384885,-0.8384885,-0.6259687,-0.8384885,-0.8384885,-0.7931243,-0.8384885,-0.31026447,-0.4989488,0.47107673,-0.48141828,-0.8384885,-0.8384885,-0.041923515,-0.8106549,1.8046312,-0.40868172,2.4291198,-0.8384885,-0.55415475,-0.4714228,-0.063759826,-0.71746606
0,-0.76113874,-0.8384885,-0.2513678,-0.8384885,-0.8384885,-0.8384885,-0.7735946,1.2305815,-0.19370143,0.30899572,-0.12819238,-0.26120955,0.013590004,1.2101291,1.0658861,-0.2429101,-0.8384885,-0.8384885,0.59702003,-0.48434,-0.47680494,-0.5993653,-0.57552975,-0.36700815
0,-0.8384885,-0.8384885,-0.8384885,-0.070987366,-0.8384885,-0.8384885,-0.42990297,-0.23522125,-0.41314128,0.9165687,1.1340095,-0.60274833,-0.5026395,0.08709546,1.0319015,-0.41452527,1.4300303,0.43770704,1.8981274,-0.32348922,0.8736649,0.07233282,-0.5406224,-0.8384885
0,-0.8384885,-0.8384885,-0.8384885,-0.8384885,-0.8384885,-0.8384885,-0.8384885,-0.8384885,-0.108355194,0.5325874,-0.8384885,-0.8384885,-0.5919839,-0.10574095,-0.8384885,-0.585064,0.22472586,1.6848388,-0.8384885,0.7447998,0.051572952,-0.3053436,-0.7502205,-0.14018704
0,-0.8384885,-0.8384885,-0.8384885,-0.8384885,-0.8384885,-0.8384885,-0.8384885,-0.5695325,-0.4518931,1.5289088,-0.578144,-0.8384885,0.13415119,1.7434278,-0.2871979,0.0066700256,2.0763552,0.49352804,0.015281561,-0.6271989,0.17905407,0.019433549,-0.18970326,0.056955125
0,-0.6661045,-0.8384885,-0.8384885,-0.51032835,-0.8384885,-0.8374121,-0.8384885,-0.064221196,0.17059629,-0.48633915,-0.20600359,0.56318915,0.41064224,0.6686802,1.2196633,0.9245652,2.0768166,0.3969561,0.04342273,-0.8384885,-0.32133636,0.62992835,0.9105714,-0.6891711
0,-0.8384885,-0.8384885,-0.8384885,-0.8384885,-0.8384885,-0.8384885,-0.35485977,0.17628607,0.4212529,1.0465103,1.8829037,1.5113783,0.16429149,1.334381,0.39234287,-0.8384885,1.701293,2.0757403,0.73957133,1.9096609,1.0760355,2.7645075,0.063106224,-0.5501566
1,-0.8384885,-0.8384885,-0.8384885,-0.8384885,-0.8384885,0.0065162745,-0.8384885,-0.8384885,-0.8384885,-0.8384885,-0.5721467,-0.4437429,-0.8384885,-0.064221196,-0.8384885,-0.55646145,1.4812381,0.2716279,-0.43021053,-0.27720237,-0.8384885,0.41679335,0.8001595,0.11615931
0,-0.8384885,-0.8384885,-0.8384885,-0.8384885,-0.8384885,-0.8384885,-0.42221412,-0.56338143,-0.49541196,-0.037156407,0.42694268,-0.5696863,-0.7894337,1.0811102,0.21549927,0.5345865,1.040513,2.257351,0.52412975,-0.2688984,-0.6112061,-0.010091614,0.7498745,-0.49771863
0,-0.63334996,-0.8384885,-0.8384885,-0.8384885,-0.8384885,-0.8384885,-0.37100637,-0.8384885,0.7417243,2.6925397,-0.093746364,-0.8384885,-0.6201251,0.19304784,-0.18739657,0.36773843,1.5453628,-0.36408636,-0.7300757,-0.8384885,0.77370995,-0.3304092,-0.47818896,-0.18109173
0,0.19981395,-0.8384885,-0.8384885,-0.8384885,-0.8384885,-0.8384885,-0.65026546,0.3054588,5.057323,1.814319,2.844164,1.8653731,1.4661678,1.6360915,0.3146854,0.9374824,5.563096,3.0368466,3.6445735,2.080046,1.0737288,5.015034,0.32668012,0.09755225
1,-0.8384885,-0.8384885,-0.8384885,-0.8384885,-0.8384885,-0.8384885,-0.39822492,-0.8384885,-0.8384885,-0.8384885,-0.8384885,-0.8384885,-0.7889723,-0.8384885,-0.8384885,-0.8384885,-0.49172133,-0.8384885,-0.8384885,-0.82680154,-0.116505355,-0.8384885,-0.8060416,-0.3766961
0,0.13015296,-0.8384885,-0.8384885,-0.8384885,-0.35578245,-0.8384885,-0.5706089,-0.384385,0.30330592,1.1252443,2.1789246,-0.22876258,2.7594328,0.67252463,0.039732113,2.353154,2.4686403,0.07371682,0.57287705,-0.13834172,-0.6018257,1.0911056,-0.009015238,0.14076361
0,-0.2670531,-0.8384885,-0.8384885,-0.8384885,-0.8384885,-0.8384885,-0.39622578,-0.8384885,0.75525665,2.9335084,-0.74868274,0.31222504,-0.009630302,0.4513932,0.8885813,0.2414875,-0.070526,-0.49418178,-0.8384885,1.1293962,-0.03869415,0.53381765,0.0034407224,-0.11881203
0,-0.21338488,-0.8384885,-0.8384885,-0.8384885,-0.8384885,-0.8384885,-0.8384885,-0.19508544,1.299166,2.902753,2.0280693,1.6119486,1.4172668,3.182781,0.7514122,2.8673844,1.2413459,2.6404095,2.0737412,1.5552049,2.3786807,3.7133117,-0.46188858,0.8704357
0,-0.7079318,-0.8384885,-0.8384885,-0.8384885,-0.7626765,-0.14956744,-0.49694976,-0.748529,-0.03361954,0.61132133,0.5215155,-0.8384885,-0.25628868,0.66545075,-0.30303693,1.4077327,1.410193,1.5965708,0.3355991,1.2884016,-0.24813858,0.32345068,0.17890026,0.054187134
1,0.7284995,-0.26074824,-0.8384885,-0.8384885,-0.8384885,-0.8384885,-0.8384885,-0.8384885,-0.8384885,-0.5784516,-0.36239484,-0.53969973,0.0068238354,0.7052791,0.42817283,0.8672063,1.0011462,0.1864353,-0.2941178,1.8810585,-0.4904911,0.06756577,0.106010035,-0.8384885
0,0.7080472,-0.74668366,-0.8384885,-0.8384885,-0.6224318,-0.8384885,-0.8384885,-0.8384885,-0.73884106,-0.086980134,-0.39315027,0.008207773,-0.649189,-0.3553211,-0.7660596,0.08155948,1.0074509,-0.42790386,0.92302746,-0.8384885,-0.8384885,-0.8384885,-0.072832674,-0.8384885
0,-0.18693526,-0.8384885,-0.8384885,-0.8384885,-0.8384885,-0.28689033,-0.18555127,0.85967124,1.7325097,3.0711389,2.5598304,1.0972568,0.89104176,1.3083926,0.41602454,1.1161714,3.911684,3.2359877,2.0543652,0.6442296,0.6050165,2.6402557,2.2447412,-0.34778604
0,-0.8384885,-0.8384885,-0.8384885,-0.8384885,-0.8384885,-0.8384885,-0.8384885,-0.51909363,1.1719923,2.7203734,-0.8384885,-0.8384885,-0.8384885,-0.4014542,1.8024783,0.74618375,2.1864595,0.41310272,0.10862421,-0.38838315,0.10539491,-0.7165434,-0.21492268,-0.45712152
0,-0.6631827,-0.8384885,-0.8384885,-0.8384885,-0.7639067,-0.6814822,-0.8384885,-0.8378734,-0.8384885,-0.6138203,0.757102,-0.28473747,-0.39315027,-0.3281026,0.27547234,-0.14895232,0.14522317,-0.35685888,-0.06775806,0.035272565,-0.5006404,-0.17678599,0.010360701,-0.1348048
1,0.2994615,-0.77482486,-0.8384885,-0.8384885,-0.8384885,-0.8384885,-0.8384885,-0.8384885,-0.61551183,-0.8384885,-0.7156207,-0.39853248,-0.8384885,-0.1451079,0.2348752,-0.5226305,-0.7300757,0.9794636,-0.83233744,-0.12188759,-0.6713329,1.489542,0.73864865,-0.61643445
0,-0.28796676,-0.8384885,-0.8384885,-0.8384885,-0.19693074,0.23841201,-0.8188051,0.595021,0.62331593,1.751578,1.4469457,0.3540524,0.36727723,-0.46665567,-0.8384885,0.83260643,1.1149411,1.5216813,1.121246,1.902587,1.2562622,-0.4034533,1.818625,-0.56707203
1,-0.48480135,-0.6301207,-0.5818346,-0.8384885,-0.8384885,-0.8384885,-0.8384885,-0.8384885,-0.8384885,-0.8384885,-0.8163447,-0.8384885,-0.7549876,-0.8384885,-0.636118,-0.16955845,-0.41544792,0.20027538,0.6566855,-0.1666367,-0.23937324,0.674985,0.12369435,-0.8384885
0,0.021125047,-0.8384885,-0.8384885,-0.8384885,-0.8384885,-0.8384885,-0.8384885,-0.8384885,-0.59905773,0.57226205,0.4698465,-0.8384885,-0.8384885,-0.101435214,-0.8384885,-0.10328058,1.1772208,0.33375373,2.3076358,-0.5421602,1.0977181,-0.8384885,0.40510625,-0.6313509
0,-0.8384885,-0.8384885,-0.31103334,-0.8384885,-0.21215469,-0.8384885,-0.8384885,-0.8384885,-0.8384885,-0.05345679,-0.8384885,-0.8384885,-0.46665567,-0.54123753,-0.59398305,-0.8384885,0.99791676,-0.8384885,2.0234559,0.9530139,-0.8384885,0.29208028,-0.60197943,-0.18493615
1,-0.5077141,-0.50217813,-0.8384885,-0.8384885,-0.39776358,-0.6224318,-0.35778153,-0.3734668,-0.27858636,-0.68025196,0.318376,-0.8384885,1.5178372,1.4075788,-0.051150113,1.0578898,0.10108911,1.0522001,-0.25782648,0.58763975,-0.8384885,0.6054778,-0.6721018,0.021125104
0,-0.080213964,-0.8384885,-0.8384885,-0.8384885,-0.8384885,-0.8384885,-0.8384885,0.44185907,3.1152728,-0.14972119,0.320529,0.47938058,0.77001935,1.2212011,-0.0064009987,0.44631863,2.1673913,2.5093915,0.73172873,1.0983331,1.6668469,3.4971013,2.670242,-0.28535253
1,-0.8384885,-0.8384885,-0.8384885,-0.8384885,-0.14326258,-0.8384885,-0.8384885,-0.8384885,-0.8384885,-0.22630215,-0.8384885,-0.8384885,0.27070528,-0.056532346,-0.1534118,-0.8383348,-0.11881203,-0.214,-0.8384885,-0.8384885,0.7334203,-0.8384885,-0.8384885,-0.8384885
1,-0.8384885,-0.8384885,-0.8384885,-0.8384885,-0.8384885,-0.7389948,-0.4323634,-0.8384885,-0.8384885,-0.22353421,-0.50955945,0.262555,-0.8384885,0.10201179,-0.22553328,-0.18878058,0.8083097,0.988844,-0.45404595,-0.8384885,0.2624012,-0.25844154,0.76863515,-0.59598213
0,-0.8384885,-0.8384885,-0.8384885,-0.8384885,-0.8384885,-0.7194651,-0.616742,1.3309978,-0.25536606,1.4715501,0.5196702,-0.23552881,0.9703908,1.3746705,1.1372387,-0.38761428,2.4904768,1.9365717,0.33852088,-0.22891639,1.048817,-0.35916552,1.9439532,-0.035311095
0,-0.8384885,-0.8384885,-0.8384885,-0.8384885,-0.8384885,-0.37561965,-0.8384885,-0.47080767,-0.12081115,1.886902,1.3602157,0.1587555,0.82584035,-0.3165693,-0.7428392,0.53412527,1.6482397,0.45047066,-0.32164392,0.7735561,-0.45527616,-0.6112061,0.07971411,-0.7237709
0,-0.8384885,-0.8384885,-0.8384885,-0.8384885,-0.8384885,0.1112384,-0.42513585,-0.8384885,0.2776252,0.23379877,1.4129611,-0.34040475,0.82553273,-0.24506296,0.25117552,1.8378471,1.4983073,2.203375,1.1573837,1.1007935,2.5170803,0.47553617,-0.27797124,1.2339646
0,-0.8384885,-0.8384885,-0.8384885,-0.8384885,-0.8384885,-0.8384885,-0.8384885,-0.8384885,-0.8384885,-0.8384885,-0.53093445,-0.8384885,0.6220857,0.16536792,-0.5563077,-0.64688236,-0.34547934,-0.8384885,-0.24106479,0.3389822,0.22764766,-0.38515386,-0.4289803,-0.8384885
0,-0.361626,-0.8384885,-0.8384885,-0.8384885,-0.8384885,-0.8384885,-0.8384885,-0.37731123,-0.5323185,-0.19785336,-0.42805764,1.4864665,-0.08282821,-0.8384885,-0.46834722,2.3097887,0.3937268,-0.57460713,-0.28950453,-0.50202435,0.40156946,-0.12157997,-0.8384885,-0.43851447
0,-0.8384885,-0.8384885,-0.8384885,-0.8384885,-0.8384885,-0.8384885,-0.8384885,0.6060928,-0.070218496,1.3814367,1.5642776,-0.32825634,0.37619632,-0.55077165,-0.06791182,0.7108151,2.864155,-0.17125,-0.31687686,1.0435885,0.56780237,0.23103078,-0.3317932,-0.8384885
0,-0.50509995,-0.8384885,-0.8384885,-0.8384885,-0.8384885,-0.8384885,-0.8384885,0.08632653,0.8433708,0.14014849,0.34882393,1.0249816,0.42002264,-0.49556577,1.3592927,1.0634258,0.7123528,0.07279419,0.33805957,0.014051376,-0.58137333,2.4738688,-0.21661423,-0.6348877
0,-0.5629201,-0.8384885,-0.8384885,-0.8384885,-0.7506819,-0.4182159,-0.8384885,-0.8384885,-0.20492715,-0.8384885,-0.8384885,-0.0763696,-0.27981654,0.3145317,-0.8384885,0.320529,-0.30780402,-0.8384885,-0.27320412,-0.10374189,-0.37254414,-0.45296952,-0.8384885,-0.65964586
0,-0.8384885,-0.8384885,-0.8384885,-0.8384885,0.7235786,-0.8384885,-0.52585983,-0.06683538,1.5751957,3.778821,1.1124808,1.9668658,1.8653731,2.2753427,4.3541007,2.6956153,2.2442799,2.461567,2.1335604,2.4963202,2.204913,3.821263,0.6880561,-0.62812155
0,-0.52493715,-0.8384885,-0.8384885,-0.8384885,-0.8384885,-0.8384885,-0.8384885,1.4658604,1.0741901,1.2161264,1.3669816,-0.8384885,0.08617278,-0.8384885,0.6493043,1.2960905,2.3345468,2.3857546,0.1955082,-0.8384885,-0.5058688,1.3360726,-0.1986223,0.14045605
0,-0.6399624,-0.2856601,-0.8384885,-0.8384885,-0.8384885,-0.8384885,-0.8384885,-0.57199293,-0.17294155,-0.8384885,-0.8384885,-0.2401421,0.93409926,-0.37731123,-0.787127,0.11984993,0.3056125,0.15414226,0.71635103,-0.29719338,-0.8384885,-0.2476772,-0.5646116,-0.7692889
0,-0.8384885,-0.69901276,-0.8384885,-0.8384885,-0.8384885,-0.8384885,-0.8384885,-0.58121955,-0.8384885,-0.25459713,-0.7300757,-0.7134678,-0.5495415,0.22349562,0.9445561,-0.468501,0.078483924,0.5508869,0.82645535,0.077561244,0.08924833,-0.5835262,-0.63227355,-0.81173134
0,-0.7102385,-0.8384885,-0.8384885,-0.8384885,-0.8384885,-0.8384885,-0.48080316,-0.8384885,0.26455405,2.1744652,0.86566854,-0.8384885,0.3809634,0.573646,-0.645037,-0.21169338,1.384666,0.18259099,-0.7771315,0.44462708,-0.29811606,-0.32887146,0.24948397,-0.25721136
0,-0.8384885,-0.8384885,-0.8384885,-0.8384885,-0.8384885,-0.6707178,-0.5895235,0.11754325,-0.28319967,1.3576013,1.2573385,-0.116659164,0.6568393,-0.8384885,1.1070986,0.17336439,1.7492714,1.9437995,0.22180407,0.79216313,-0.030851608,-0.036541283,0.27424207,-0.3170306
0,-0.8384885,-0.8384885,-0.8384885,-0.8384885,-0.8384885,-0.6824048,-0.8384885,0.39003617,-0.0737553,0.60317117,-0.2020054,0.63438785,-0.09143969,0.059876867,0.22672504,0.29269528,0.26916742,0.54811895,0.32883298,0.9353295,-0.7600623,0.289466,1.0792649,-0.8384885
1,-0.8384885,-0.8384885,-0.8384885,-0.8384885,-0.8384885,-0.8384885,-0.8384885,-0.8384885,-0.70501006,-0.8384885,-0.8384885,-0.8384885,-0.2787401,-0.4892609,-0.7931243,-0.8384885,-0.51986253,0.14445423,-0.054533225,-0.8384885,-0.8384885,-0.49218264,-0.27166638,-0.7728257
0,0.38834462,-0.8384885,-0.8384885,-0.8384885,-0.8384885,-0.8384885,-0.080521524,-0.38330853,0.5468888,2.0888112,0.8399877,0.8638232,1.3891256,-0.11050806,1.0346695,0.49491212,0.8692055,0.78647333,0.71958035,1.2979357,0.87535644,-0.0025565727,2.4904768,-0.52924293
1,-0.6976288,-0.8384885,-0.8384885,-0.2169218,-0.59859633,-0.8384885,-0.8384885,-0.5104821,-0.8384885,-0.32287416,-0.8384885,-0.5639965,-0.8384885,-0.8384885,-0.25259808,-0.5054075,-0.66010714,-0.8384885,-0.079445094,-0.6287367,0.27132028,-0.8384885,0.7300372,-0.8384885
0,-0.7472988,-0.8384885,-0.8384885,-0.8384885,-0.10743251,-0.8384885,-0.8384885,1.9764003,2.0445232,0.8604401,0.40064684,0.45339236,0.27347314,0.9410193,1.8252373,1.169378,1.0535841,0.59194535,0.52382225,1.0927972,1.6028758,2.8224816,0.25179052,-0.8384885
0,-0.8384885,-0.18678145,-0.8384885,-0.8384885,-0.8384885,-0.6407313,-0.13541992,-0.7022421,1.2817893,0.6134742,0.078483924,-0.78343636,-0.0064009987,0.06894977,0.6227008,0.28300738,0.18074562,-0.01916452,0.8109238,0.020817544,-0.8384885,-0.8384885,0.09847493,-0.8384885
0,-0.8384885,-0.8384885,-0.8384885,-0.8384885,-0.8384885,-0.8384885,0.6260839,2.037911,0.9151848,2.9202836,1.1137109,0.3506693,2.2338228,0.79508483,2.170928,1.4979998,0.95347524,2.7864976,1.0804951,0.078176364,0.7690966,4.0074873,1.3014727,-0.18447484
0,-0.8384885,-0.8384885,-0.8384885,-0.8384885,-0.8384885,-0.8384885,-0.57552975,-0.36623928,-0.065605134,0.62962085,0.14091736,0.036810312,-0.08467352,-0.60090303,-0.39238137,0.41387165,0.60363245,-0.26443884,-0.7190038,0.41279522,0.5376621,-0.59844255,-0.15833274,-0.8384885
1,-0.8384885,-0.8384885,-0.8384885,-0.38915205,-0.8384885,-0.69547594,-0.062683396,-0.8384885,-0.17540199,-0.11096943,-0.3118022,0.04419166,-0.8384885,-0.51571053,0.30361342,0.04173123,0.542583,-0.42544344,-0.68901724,1.1167864,-0.086518824,-0.8384885,0.08801809,-0.26351622
0,-0.8384885,-0.8384885,-0.8384885,-0.8384885,-0.8384885,0.5288968,-0.18385972,-0.38223207,1.4441777,1.4309529,1.4200346,0.40587518,1.0056056,1.1458504,0.24118,2.3720684,0.8189203,1.0752666,0.8981155,1.2291974,1.106022,3.8677042,1.132318,-0.39207384
0,-0.8384885,-0.8384885,-0.8384885,-0.8384885,-0.8384885,-0.51217365,-0.8384885,-0.20954046,-0.6920928,-0.2958094,-0.8377197,-0.17171131,-0.13880304,-0.45988947,-0.06791182,0.13784182,0.1127762,-0.022240015,-0.13003775,0.033427257,1.3972758,-0.0062472476,0.8110778,-0.8384885
